method,seed,feasible,weighted_soft_lateness_s,makespan_s,energy_kwh,trips,error
single_stop_baseline,20260923,True,47002.20282216237,8336.073014963125,73.04364663115703,27,
single_stop_baseline,20260924,True,45466.79022673954,7755.0029640943285,77.79442166886602,29,
single_stop_baseline,20260925,True,83167.72676565482,7455.8926285501475,73.45038878260075,29,
single_stop_baseline,20260926,True,14200.383367677774,6829.9142874728595,72.64912745847114,28,
single_stop_baseline,20260927,True,54438.73219835352,8639.86120876947,71.58321422627787,27,
single_stop_baseline,20260928,True,67923.53456226386,8438.811131025615,73.46640435064405,28,
single_stop_baseline,20260929,True,76512.17533864768,8705.86120876947,74.86770802245731,29,
single_stop_baseline,20260930,True,117236.21579417161,8466.642328532038,77.54460311007858,31,
single_stop_baseline,20260931,True,49588.48166841878,9061.903877785475,75.12394199556921,28,
single_stop_baseline,20260932,True,83044.27977182211,9008.199807780426,75.97387844227256,31,
single_stop_baseline,20260933,True,122380.73461859359,8360.961144523762,73.04571364650054,29,
single_stop_baseline,20260934,True,79477.99809186668,7874.932083711816,76.07911309704927,29,
single_stop_baseline,20260935,True,60977.2774890595,8306.811131025617,80.13937822044785,31,
single_stop_baseline,20260936,True,337.8735743060297,7947.5560885664945,72.01127232149804,26,
single_stop_baseline,20260937,True,58362.54599373766,8506.47207470803,74.05228184138481,29,
single_stop_baseline,20260938,True,31138.72517026372,6806.910160364299,71.85604361098027,29,
single_stop_baseline,20260939,True,115046.32560296799,8731.085542475214,74.29532141621294,28,
single_stop_baseline,20260940,True,87295.57502607611,8624.27166612719,77.33383559440186,30,
single_stop_baseline,20260941,True,41405.417567335084,7780.929481883196,75.67324628765299,29,
single_stop_baseline,20260942,True,71081.7204915506,7508.607767434926,75.8209428389511,30,
single_stop_baseline,20260943,True,87438.03975354161,8646.83787814579,75.8997153685397,30,
single_stop_baseline,20260944,True,109517.31743946404,8609.916687913776,75.49330794782847,29,
single_stop_baseline,20260945,True,13739.075220658602,8038.958202705777,75.83840196409994,27,
single_stop_baseline,20260946,True,28222.14983853919,8344.25574423136,72.53617688321448,27,
single_stop_baseline,20260947,True,77424.7518318388,8120.956229003372,81.94125772098286,31,
single_stop_baseline,20260948,True,73889.52605551424,8617.54363112977,76.0132099880081,31,
single_stop_baseline,20260949,True,118121.45436848434,8266.405757729508,79.21454502972344,31,
single_stop_baseline,20260950,True,81947.23047880207,8639.86120876947,73.41591828741838,27,
single_stop_baseline,20260951,True,45081.05254561617,9052.886570423512,74.65545686178564,27,
single_stop_baseline,20260952,True,26637.129336023474,6784.5689815110045,71.84452679401971,28,
single_stop_baseline,20260953,True,55079.7787378334,8597.880832308465,75.24980347948015,30,
single_stop_baseline,20260954,True,39509.56104263818,6983.485479474626,71.60406153933151,28,
single_stop_baseline,20260955,True,29156.84935300289,8453.574612290946,74.07344908501227,28,
single_stop_baseline,20260956,True,101970.06732698773,8266.405757729508,73.0454345343662,29,
single_stop_baseline,20260957,True,64217.53673449741,8276.866610169924,76.06782462041869,30,
single_stop_baseline,20260958,True,100306.15357662157,8639.86120876947,75.80608869415863,29,
single_stop_baseline,20260959,True,43138.2010203962,8122.899916475058,79.5670383988727,31,
single_stop_baseline,20260960,True,118367.31174994733,8747.007430490305,72.98258585739634,29,
single_stop_baseline,20260961,True,47826.10610116819,7757.495549891117,76.71040979355246,31,
single_stop_baseline,20260962,True,44996.38836262521,7438.116978241972,73.516071540045,28,
single_stop_baseline,20260963,True,16863.886846792542,7933.016584890687,75.99880284728391,28,
single_stop_baseline,20260964,True,78148.29699364079,8543.916687913776,71.75424855167715,28,
single_stop_baseline,20260965,True,60900.35077691518,7853.00070177224,77.33125514897564,30,
single_stop_baseline,20260966,True,25120.590337652447,7349.660006055415,74.32491671969746,29,
single_stop_baseline,20260967,True,60821.406151875264,8573.86120876947,78.27029112429955,30,
single_stop_baseline,20260968,True,33282.11610422359,7780.238635306388,73.23537060792258,28,
single_stop_baseline,20260969,True,76925.21884592774,8346.391714760752,75.28595185264616,30,
single_stop_baseline,20260970,True,81598.20606612094,8354.971969748109,76.92595293892516,30,
single_stop_baseline,20260971,True,159791.5210328681,9157.558314673575,75.36869637497848,31,
single_stop_baseline,20260972,True,35154.00921576972,7947.5560885664945,72.14035397466388,28,
single_stop_baseline,20260973,True,23589.0952630475,8344.25574423136,72.6614098799381,26,
single_stop_baseline,20260974,True,29280.40726673665,7483.26592123731,72.98289096275657,28,
single_stop_baseline,20260975,True,47512.62276563537,8638.47207470803,70.96243076357666,27,
single_stop_baseline,20260976,True,49556.56785275937,7609.593353430253,75.23744530331747,29,
single_stop_baseline,20260977,True,86091.51874677335,8543.916687913776,73.9859882252882,28,
single_stop_baseline,20260978,True,60148.37239833166,8506.472074708032,76.4928105809494,28,
single_stop_baseline,20260979,True,68663.3453303562,8422.882493288369,69.825470635138,26,
single_stop_baseline,20260980,True,0,7646.002064503854,71.66346028005115,26,
single_stop_baseline,20260981,True,84092.88026370207,8623.932571032223,75.22553687410536,29,
single_stop_baseline,20260982,True,91696.49883797606,8360.961144523762,73.75656756816105,29,
single_stop_baseline,20260983,True,97157.19483505364,8638.472074708032,76.46160598798868,29,
single_stop_baseline,20260984,True,47811.02909461599,8437.421996964178,72.55919146541852,28,
single_stop_baseline,20260985,True,150681.42272921314,8516.823935005947,80.5239732511021,32,
single_stop_baseline,20260986,True,52063.72400648081,7266.43382578211,70.3789006421658,28,
single_stop_baseline,20260987,True,61143.264824483325,8705.86120876947,71.12892258066256,27,
single_stop_baseline,20260988,True,148981.03270467484,8767.453258640182,79.02523278398301,32,
single_stop_baseline,20260989,True,53065.01129989562,8607.644552784821,72.43682803800795,26,
single_stop_baseline,20260990,True,59133.91344495784,8342.866610169922,78.45991212959923,31,
single_stop_baseline,20260991,True,49545.5353851032,8617.54363112977,79.3029187253123,31,
single_stop_baseline,20260992,True,96229.1205604324,8492.27166612719,80.96362069311837,33,
single_stop_baseline,20260993,True,28628.718303170244,8239.245493039916,72.64578144466878,27,
single_stop_baseline,20260994,True,36202.43476589015,8306.811131025617,75.26530087137156,29,
single_stop_baseline,20260995,True,35278.82832223902,8337.462149024564,73.09948335216745,27,
single_stop_baseline,20260996,True,46228.018125967516,7948.945222627934,72.0883562721666,28,
single_stop_baseline,20260997,True,76314.75072875075,8573.86120876947,73.60220798496752,29,
single_stop_baseline,20260998,True,68196.45233278433,8705.86120876947,71.88136799350227,27,
single_stop_baseline,20260999,True,80009.44385641294,7690.039417872539,77.36740636923341,30,
single_stop_baseline,20261000,True,16517.28667547719,7920.847335550862,69.73088599109532,25,
single_stop_baseline,20261001,True,34370.587587192655,8782.546636486788,77.36482145018763,30,
single_stop_baseline,20261002,True,104760.14523114415,8891.321743871044,72.77612945831024,29,
single_stop_baseline,20261003,True,67024.24057326162,7839.947203431474,75.87341443016918,30,
single_stop_baseline,20261004,True,60135.957045219446,8438.811131025615,73.85918607126982,28,
single_stop_baseline,20261005,True,45422.71419769184,7853.00070177224,76.27643668698529,30,
single_stop_baseline,20261006,True,96630.55982913509,8624.27166612719,76.35776000555182,30,
single_stop_baseline,20261007,True,95334.32492696236,8624.27166612719,78.76842652290132,30,
single_stop_baseline,20261008,True,92109.12899814325,8545.305821975213,76.22633650836946,29,
single_stop_baseline,20261009,True,110594.84024717359,8444.6083707454,75.77941867701792,30,
single_stop_baseline,20261010,True,58949.40235190806,8306.811131025617,77.79133923732907,30,
single_stop_baseline,20261011,True,43874.8678478466,7544.212060437463,71.19185931961677,28,
single_stop_baseline,20261012,True,30531.273174353526,8371.421996964176,71.91835084387058,28,
single_stop_baseline,20261013,True,61575.78165118883,8266.405757729508,74.09955908189467,29,
single_stop_baseline,20261014,True,60793.73596987663,8705.86120876947,69.72375378076651,26,
single_stop_baseline,20261015,True,102642.47673077002,8278.255744231361,76.65377406817449,29,
single_stop_baseline,20261016,True,73803.60208034466,8573.86120876947,77.78868414787114,30,
single_stop_baseline,20261017,True,42911.28096383739,8372.811131025615,71.28263645401623,27,
single_stop_baseline,20261018,True,30532.478091178556,8287.582835686671,76.37168280457743,30,
single_stop_baseline,20261019,True,72715.03496371905,8159.33544643129,71.81197108114893,27,
single_stop_baseline,20261020,True,67403.8643564565,8274.594475040969,77.2245716040073,29,
single_stop_baseline,20261021,True,89963.4730850005,8342.660397092113,77.79017319400842,32,
single_stop_baseline,20261022,True,80293.48534679208,8609.916687913776,75.56486066476893,30,
single_stop_baseline,20261023,True,79584.44761611552,8372.811131025615,74.90856195462975,29,
single_stop_baseline,20261024,True,50967.39871136615,8015.779981426988,75.68114357603014,30,
single_stop_baseline,20261025,True,65879.07018388624,8437.421996964178,75.93648622928787,29,
single_stop_baseline,20261026,True,337.8735743060297,7788.847335550864,73.44028481875941,27,
single_stop_baseline,20261027,True,11070.93610650916,7687.763229150378,78.26805731102684,29,
single_stop_baseline,20261028,True,47924.692743448366,8306.811131025617,79.87388441376301,31,
single_stop_baseline,20261029,True,16244.119112943961,7902.518990900486,74.09851899391118,28,
single_stop_baseline,20261030,True,8601.535250771924,8228.961144523764,73.87274229107986,27,
single_stop_baseline,20261031,True,56989.85757832514,8704.472074708032,71.24313171296865,27,
single_stop_baseline,20261032,True,108838.51814539066,8278.255744231361,76.147507743387,30,
single_stop_baseline,20261033,True,77295.61872384565,8372.811131025615,74.02999941793425,29,
single_stop_baseline,20261034,True,54076.5138031003,8371.421996964178,77.6114841730199,30,
single_stop_baseline,20261035,True,70627.71156187955,8337.462149024564,78.4565029318053,30,
single_stop_baseline,20261036,True,34240.66127818703,7121.285452536977,72.99944655763498,29,
single_stop_baseline,20261037,True,77415.51819006824,8704.472074708032,72.10132393415749,28,
single_stop_baseline,20261038,True,53383.38014249298,8453.574612290946,73.6819166172446,27,
single_stop_baseline,20261039,True,81835.01135429417,8573.86120876947,74.65367318780075,29,
single_stop_baseline,20261040,True,50664.44809331885,8579.448744084353,82.66582414241215,32,
single_stop_baseline,20261041,True,105505.73169745196,8732.47467653665,72.65891870557537,28,
single_stop_baseline,20261042,True,25591.841405047246,8587.811183093476,77.47627106050435,29,
single_stop_baseline,20261043,True,121676.56343024327,8732.47467653665,76.27540491751708,30,
single_stop_baseline,20261044,True,8866.210771431957,7715.627769367825,72.1021361592597,27,
single_stop_baseline,20261045,True,73670.14713965851,8704.472074708032,72.46545170806112,28,
single_stop_baseline,20261046,True,78255.67440323264,8437.421996964178,75.25525399280036,29,
single_stop_baseline,20261047,True,111469.97825427318,8653.811183093476,76.23899717916673,31,
single_stop_baseline,20261048,True,86752.39283014384,7405.365069517043,74.45477039932827,29,
single_stop_baseline,20261049,True,40214.11289249886,8441.86120876947,73.65745394963594,28,
single_stop_baseline,20261050,True,141436.42859464468,8782.546038799406,74.43771224144731,29,
single_stop_baseline,20261051,True,72437.92442923691,8437.421996964178,76.6808855762091,30,
single_stop_baseline,20261052,True,18002.968418146724,7894.186748431921,73.69978047404251,28,
single_stop_baseline,20261053,True,71502.52486304977,8447.740696761803,73.33487153929059,29,
single_stop_baseline,20261054,True,63454.86429229193,8437.421996964178,73.09720282850984,28,
single_stop_baseline,20261055,True,54093.72477410674,7930.5361580949,78.05786520491804,30,
single_stop_baseline,20261056,True,57186.600328531276,8372.811131025615,70.44574631777705,26,
single_stop_baseline,20261057,True,42152.46390045077,7882.945222627934,73.79850012693382,29,
single_stop_baseline,20261058,True,63016.21689129187,8437.421996964178,73.14598031707946,28,
single_stop_baseline,20261059,True,130162.12067620376,8732.47467653665,74.79421555481584,29,
single_stop_baseline,20261060,True,59061.42362619199,8306.811131025617,77.34816012569962,30,
single_stop_baseline,20261061,True,72668.06611293055,7764.7386271227515,76.38479486038278,31,
single_stop_baseline,20261062,True,108356.7971588514,8466.642328532038,79.34569145168537,32,
single_stop_baseline,20261063,True,46620.17400334038,7686.3740950889405,76.29789431200692,29,
single_stop_baseline,20261064,True,52326.27655095009,8305.421996964178,76.6461463763066,29,
single_stop_baseline,20261065,True,18805.449419541023,7854.847335550864,72.28407759286587,27,
single_stop_baseline,20261066,True,83875.26879872647,8422.882493288369,74.61286219845309,30,
single_stop_baseline,20261067,True,62454.80561469295,8638.47207470803,71.60091060778048,27,
single_stop_baseline,20261068,True,20644.890771782768,8072.91805064539,74.12160326693787,28,
single_stop_baseline,20261069,True,66872.91585856363,8579.448744084353,79.87822452058862,31,
single_stop_baseline,20261070,True,42177.836137603736,7630.531322249861,74.57641761349655,28,
single_stop_baseline,20261071,True,57942.52060329761,7269.8352055262685,73.3926854212917,29,
single_stop_baseline,20261072,True,103503.47814147577,8342.866610169922,79.21031431090023,31,
single_stop_baseline,20261073,True,82867.63610139115,8276.866610169924,77.6352466484243,30,
single_stop_baseline,20261074,True,33631.9685632862,8361.970584281975,74.76480830367154,27,
single_stop_baseline,20261075,True,56250.3187217715,8336.073014963125,76.57403047574881,29,
single_stop_baseline,20261076,True,37319.06969874946,7898.586243411838,76.34248647929894,30,
single_stop_baseline,20261077,True,123288.75706531416,8645.39389106383,73.17515892745854,30,
single_stop_baseline,20261078,True,37841.20969488475,7213.562617886152,71.60406153933151,28,
single_stop_baseline,20261079,True,74061.17133828429,8266.405757729508,77.39195633008163,31,
single_stop_baseline,20261080,True,61724.649791616874,7985.00070177224,74.87012725817945,30,
single_stop_baseline,20261081,True,55323.620510277964,8704.472074708032,71.49176560755413,27,
single_stop_baseline,20261082,True,25114.780634334165,8138.073014963125,79.10450295020726,30,
single_stop_baseline,20261083,True,62337.1437631657,8271.462149024564,76.46882775183221,29,
single_stop_baseline,20261084,True,59960.31535572297,8704.472074708032,73.25017356191915,28,
single_stop_baseline,20261085,True,27948.031877889243,8638.47207470803,71.93283941850073,27,
single_stop_baseline,20261086,True,48024.189635752555,8638.47207470803,70.92745228761126,27,
single_stop_baseline,20261087,True,54891.3991747898,8757.496841024666,76.29012406972997,29,
single_stop_baseline,20261088,True,83228.44148625103,8088.857239439395,77.3338209487342,30,
single_stop_baseline,20261089,True,82677.32430248802,7957.252418134224,74.17210592719552,30,
single_stop_baseline,20261090,True,67992.46725320992,7990.091444348769,77.50966806164986,31,
single_stop_baseline,20261091,True,102448.76899170829,8704.307346267093,76.43297331519962,31,
single_stop_baseline,20261092,True,83765.35063814966,8276.866610169924,76.61909596846387,29,
single_stop_baseline,20261093,True,12124.235218852797,7854.389835833677,74.09288694566966,28,
single_stop_baseline,20261094,True,67323.49135204089,8234.01572184874,82.44780694161533,32,
single_stop_baseline,20261095,True,33127.24892447978,8653.811183093476,76.29560817341726,29,
single_stop_baseline,20261096,True,84103.59760535073,8276.866610169924,76.90273172247561,30,
single_stop_baseline,20261097,True,48271.40873459164,8342.866610169922,77.30442176612316,30,
single_stop_baseline,20261098,True,60626.94135266937,8572.472074708032,73.89982188871826,28,
single_stop_baseline,20261099,True,67333.94363077226,8962.279876916187,74.94181160959765,31,
single_stop_baseline,20261100,True,77931.2894219213,8342.866610169922,77.61397199429383,30,
single_stop_baseline,20261101,True,71439.87134415026,8638.472074708032,73.19791212719814,28,
single_stop_baseline,20261102,True,55612.31412920698,8371.421996964178,73.71418716545472,27,
single_stop_baseline,20261103,True,47796.71494669927,7806.962268580011,77.8828114554158,30,
single_stop_baseline,20261104,True,22588.743339874025,7788.847335550864,75.58848507482926,28,
single_stop_baseline,20261105,True,25437.952471116405,7304.6247661188645,72.45759525349767,28,
single_stop_baseline,20261106,True,53235.113499870364,8106.169556333678,76.28575618814173,30,
single_stop_baseline,20261107,True,24699.768461787087,8340.594475040967,73.50744549843589,27,
single_stop_baseline,20261108,True,68572.3204123788,8607.644552784821,73.90838612692264,28,
single_stop_baseline,20261109,True,42845.55036633072,6812.895303350723,70.46351542480377,29,
single_stop_baseline,20261110,True,57798.18039070764,8437.421996964178,74.28353969982055,28,
single_stop_baseline,20261111,True,69158.32779944582,8573.86120876947,73.8887466811364,27,
single_stop_baseline,20261112,True,50918.24473991665,8606.255418723384,72.07368107583073,27,
single_stop_baseline,20261113,True,33385.83002672954,8402.073014963125,70.33512121075015,25,
single_stop_baseline,20261114,True,36807.099514496076,8344.25574423136,75.47149257280266,28,
single_stop_baseline,20261115,True,95033.03742401979,8106.169556333678,76.68620329284639,30,
single_stop_baseline,20261116,True,69934.9158452064,8704.472074708032,70.38784495920582,27,
single_stop_baseline,20261117,True,128444.96955944871,8394.11496707745,78.62037138360512,31,
single_stop_baseline,20261118,True,37658.63032150905,7493.685932618756,72.82415905904901,28,
single_stop_baseline,20261119,True,45468.54063584033,8022.857239439394,78.0930686163228,31,
single_stop_baseline,20261120,True,32647.997755554727,8371.421996964176,75.28403614894258,29,
single_stop_baseline,20261121,True,56724.760750113215,8371.421996964178,79.7633196489591,31,
single_stop_baseline,20261122,True,53222.54441434091,8639.86120876947,74.36781198336418,28,
single_stop_baseline,20261123,True,100540.88377335791,7651.028764505257,76.57876836800519,30,
single_stop_baseline,20261124,True,52996.51578017964,8106.169556333678,74.28114489716573,29,
single_stop_baseline,20261125,True,58554.19618225713,7331.6267555707755,74.64013682165621,30,
single_stop_baseline,20261126,True,55306.685495329795,7889.021448173818,75.76204239500083,30,
single_stop_baseline,20261127,True,45969.549853915734,7334.210876903269,75.16987107145921,30,
single_stop_baseline,20261128,True,57730.395861220255,8014.945222627934,74.81568698398559,29,
single_stop_baseline,20261129,True,45781.63134113584,8371.421996964178,76.19200383060532,30,
single_stop_baseline,20261130,True,54364.60786691656,8638.47207470803,72.75763668514125,27,
single_stop_baseline,20261131,True,48542.170767330506,7076.744467704693,72.11641019924133,30,
single_stop_baseline,20261132,True,68133.96246017219,8704.472074708032,73.14385994384045,28,
single_stop_baseline,20261133,True,35471.277156390206,7376.959093559856,74.59343847878667,30,
single_stop_baseline,20261134,True,133439.57499387104,8759.321743871044,76.42075598196585,30,
single_stop_baseline,20261135,True,56605.81420684979,8573.86120876947,76.06314852038854,29,
single_stop_baseline,20261136,True,77502.3970790087,8639.86120876947,75.76879690081877,30,
single_stop_baseline,20261137,True,29669.36232493382,8371.421996964176,70.87798378016679,27,
single_stop_baseline,20261138,True,50330.559825033604,7103.258921674501,73.09885736537282,29,
single_stop_baseline,20261139,True,144003.36233153328,8462.118191468944,75.00292159164633,30,
single_stop_baseline,20261140,True,65348.159877943566,8306.811131025617,74.69030161552436,29,
single_stop_baseline,20261141,True,74460.24462479106,8372.811131025615,77.67464715108201,30,
single_stop_baseline,20261142,True,43212.5779506777,8371.421996964176,74.46846768446144,28,
single_stop_baseline,20261143,True,77570.57963026276,8599.085542475214,78.75563294414223,30,
single_stop_baseline,20261144,True,63263.58274559605,8371.421996964178,76.31144817051918,29,
single_stop_baseline,20261145,True,113926.46810053042,8342.866610169922,77.73003947867632,30,
single_stop_baseline,20261146,True,61848.89775423442,8013.556088566495,71.40810627243282,27,
single_stop_baseline,20261147,True,42568.24483098476,8339.20534097953,74.51740090412844,28,
single_stop_baseline,20261148,True,36321.97672225491,8890.228963758615,74.26655626174356,29,
single_stop_baseline,20261149,True,56927.0337973795,8372.811131025615,73.45497359302402,28,
single_stop_baseline,20261150,True,1033.4038377885445,7971.569068644339,72.90018810172715,27,
single_stop_baseline,20261151,True,66541.22445552911,7650.441276309146,74.983194773306,29,
single_stop_baseline,20261152,True,40564.441689549734,8276.866610169924,76.86385959738841,30,
single_stop_baseline,20261153,True,77068.80711571936,8611.305821975213,73.36579437196963,26,
single_stop_baseline,20261154,True,85510.9024023008,8624.27166612719,75.10463638005925,30,
single_stop_baseline,20261155,True,81162.13074043629,8354.971969748109,79.05695003956637,31,
single_stop_baseline,20261156,True,58986.087485723685,8607.644552784821,74.39921404712074,29,
single_stop_baseline,20261157,True,58193.193442918564,7948.945222627934,75.19764264071046,29,
single_stop_baseline,20261158,True,77722.88564407987,7700.464658425549,76.7030025025113,31,
single_stop_baseline,20261159,True,81219.1488792412,8639.86120876947,73.36314030033596,28,
single_stop_baseline,20261160,True,72869.19943033493,7938.549845974311,73.52037444430334,30,
single_stop_baseline,20261161,True,87750.02293021318,7229.836768264786,72.63399594320782,29,
single_stop_baseline,20261162,True,97845.32206096515,8797.085542475214,73.55884260164687,29,
single_stop_baseline,20261163,True,18510.0918944985,8429.916168102105,78.6863552570847,31,
single_stop_baseline,20261164,True,82581.26036401991,8690.27166612719,73.1988299104936,27,
single_stop_baseline,20261165,True,85172.67819566806,7160.005045173298,73.12192056830327,30,
single_stop_baseline,20261166,True,42609.54955797845,7948.945222627934,71.85208241763837,28,
single_stop_baseline,20261167,True,117923.25646091466,8797.085542475214,76.35971516533196,30,
single_stop_baseline,20261168,True,47996.10338969988,7889.021448173818,76.78676642090639,31,
single_stop_baseline,20261169,True,85177.70050412188,8106.169556333678,76.99287427115586,30,
single_stop_baseline,20261170,True,29201.282652080026,8138.91805064539,72.10160308162293,27,
single_stop_baseline,20261171,True,23805.964822333903,8344.25574423136,72.65688847710024,27,
single_stop_baseline,20261172,True,126018.2912540524,8732.47467653665,72.80655557397955,28,
single_stop_baseline,20261173,True,76422.69622523681,8337.462149024564,75.66792874409207,29,
single_stop_baseline,20261174,True,91703.06115702311,8342.866610169922,78.04773806665064,30,
single_stop_baseline,20261175,True,55079.7787378334,8534.47467653665,77.70776910934069,30,
single_stop_baseline,20261176,True,65833.72651983514,8313.766701011686,78.30442036865483,31,
single_stop_baseline,20261177,True,87863.63952464826,7689.3604336825965,73.11569057681334,29,
single_stop_baseline,20261178,True,35014.53945996744,8611.305821975213,70.62402318412568,26,
multipoint,20260923,True,25108.532861778953,8122.866931274219,77.84888865518137,24,
multipoint,20260924,True,63218.710487374425,10587.26535840376,78.94453869135593,22,
multipoint,20260925,True,43782.9291955849,10086.163034829959,76.91857162003257,22,
multipoint,20260926,True,13673.983313386034,9785.16875712365,79.64137726615456,22,
multipoint,20260927,True,132292.41238046894,7760.808441129158,73.58416975207246,24,
multipoint,20260928,True,85334.204320264,8348.664867698886,78.68415569690893,24,
multipoint,20260929,True,99777.21382941422,8525.114348873654,79.20838870145931,24,
multipoint,20260930,True,113516.72713945131,8288.912716670018,80.85724343940588,25,
multipoint,20260931,True,44191.9577568807,10631.004932823025,78.25890825305106,23,
multipoint,20260932,True,35142.87924258078,10588.830008777699,79.5670349604226,23,
multipoint,20260933,True,116815.33787030223,8585.464862262363,73.97767302513654,22,
multipoint,20260934,True,115624.71811073528,8196.977916185197,81.43796730604825,25,
multipoint,20260935,True,108452.7038340768,8343.75364862315,73.36613317857189,23,
multipoint,20260936,True,89096.16224531237,8446.928067340497,74.55443687755074,23,
multipoint,20260937,True,120995.78105842831,8101.598388673942,71.9914504988578,24,
multipoint,20260938,True,90738.06068865798,8241.423528828878,79.66288765814296,24,
multipoint,20260939,True,95439.59976903239,10145.276414354386,76.59155650603924,24,
multipoint,20260940,True,86716.02448623285,8564.573000521752,80.71283850662188,24,
multipoint,20260941,True,121925.65457115085,8252.507609807219,72.91444400333418,22,
multipoint,20260942,True,62634.77259118728,8405.68461875607,75.07815495381676,21,
multipoint,20260943,True,101811.02383266791,8017.393218112609,78.82539177917673,24,
multipoint,20260944,True,98714.87542626524,7804.426836053066,77.88535144679693,25,
multipoint,20260945,True,91380.53689886781,10220.45535282385,76.59113310117404,23,
multipoint,20260946,True,68717.09063619541,8419.520290653323,74.29231490766861,23,
multipoint,20260947,True,70837.86839415926,7795.728110751269,77.00825282151537,23,
multipoint,20260948,True,34915.791713931765,8278.87444999193,77.34116113212289,24,
multipoint,20260949,True,58340.7964551843,7972.950962249778,79.76379336320389,23,
multipoint,20260950,True,134082.69837476476,7862.816392055537,80.74364720606283,24,
multipoint,20260951,True,46382.5277120832,9835.088996110084,72.2705342373533,22,
multipoint,20260952,True,44298.84611439418,7951.000480266946,72.43610105569725,23,
multipoint,20260953,True,77977.14254957449,10445.363222905888,82.97698851833924,24,
multipoint,20260954,True,8078.442304062357,8325.03803928483,77.12319899243117,23,
multipoint,20260955,True,16087.07471068049,8092.276605213064,74.3882379483461,24,
multipoint,20260956,True,40445.01035344995,9912.271548950026,78.99884951461264,24,
multipoint,20260957,True,8490.102373164502,8745.704286105864,84.09762318234941,25,
multipoint,20260958,True,132455.6576484496,8101.473370316563,76.42526137133679,25,
multipoint,20260959,True,14641.214981572502,9755.653561186728,78.0343584693289,23,
multipoint,20260960,True,107025.27554739689,8381.813005237715,71.09517846768523,21,
multipoint,20260961,True,64341.905435798704,9577.646176008791,80.70540384194295,25,
multipoint,20260962,True,46087.11174039576,8121.660687287656,72.73269849237715,23,
multipoint,20260963,True,43767.545736343105,8569.220322419083,79.06546312083617,23,
multipoint,20260964,True,21200.226332498976,10555.726299685133,76.86592008101917,23,
multipoint,20260965,True,96734.06748814881,8371.301517239155,76.04273209161748,23,
multipoint,20260966,True,84580.01940421901,7819.533243617422,70.45872241723143,22,
multipoint,20260967,True,120555.99711046275,8020.15501903162,80.07604773633857,25,
multipoint,20260968,True,78734.89504026828,8146.088573322692,73.96267133538647,22,
multipoint,20260969,True,58686.935771637414,8040.804010805286,75.84859720709198,23,
multipoint,20260970,True,49110.95357424949,8005.070066001528,75.3122885886649,24,
multipoint,20260971,True,32884.71612867874,7820.443222466587,73.99431787565337,22,
multipoint,20260972,True,67869.45200402485,8490.325764394696,73.63682153583345,23,
multipoint,20260973,True,99646.56232080444,8231.089142725157,71.35247894325649,23,
multipoint,20260974,True,106176.33381313067,7954.339875180503,77.95301674812556,24,
multipoint,20260975,True,53273.80558031889,11079.822087705063,74.86813001813883,22,
multipoint,20260976,True,14377.549511049516,8449.533775456957,76.13738739653381,23,
multipoint,20260977,True,83476.6918179818,8485.21132975161,77.45791809887115,23,
multipoint,20260978,True,53813.4417645966,10238.311232862165,82.51389187561266,24,
multipoint,20260979,True,87535.35853220898,8211.377480595887,78.2953373036693,24,
multipoint,20260980,True,46235.67404613429,10485.756037478419,76.66991704898135,23,
multipoint,20260981,True,71397.61001950808,9967.030792807043,76.91597536266303,22,
multipoint,20260982,True,64735.90576625447,8110.3633916723975,77.12490961861215,23,
multipoint,20260983,True,117694.80381167207,10857.42187797636,79.36784794995076,23,
multipoint,20260984,True,104849.60263732183,10326.805729786762,78.86926725324784,24,
multipoint,20260985,True,64555.76044637179,8434.884179944613,75.60424142960255,23,
multipoint,20260986,True,98352.06102148202,10219.017166740714,83.10214768860808,24,
multipoint,20260987,True,87834.90616087054,9978.237370151703,74.32525335497398,22,
multipoint,20260988,True,36521.166042936915,7843.139985860293,77.3569712428249,23,
multipoint,20260989,True,62765.879918375285,10745.93745207128,75.65983908054093,22,
multipoint,20260990,True,18090.92462027444,9844.056881649209,76.32221301065304,22,
multipoint,20260991,True,81697.54222581898,8300.487511974745,78.33854697884789,24,
multipoint,20260992,True,23612.78668690621,10350.990694871389,79.19883107547919,24,
multipoint,20260993,True,78263.30308494618,8000.768773889659,80.66244967352725,25,
multipoint,20260994,True,49899.713267921645,8397.87277013608,78.89808145654948,23,
multipoint,20260995,True,47078.38894635903,9599.450530374577,72.34422776000197,21,
multipoint,20260996,True,13068.645659058224,8773.44712749779,73.10554086307536,22,
multipoint,20260997,True,34080.513008650545,8151.653329574143,73.64978081969285,23,
multipoint,20260998,True,54103.411966862455,9841.06134719154,69.36809159574061,21,
multipoint,20260999,True,51827.69827413811,7878.0324396454025,80.24102522194966,24,
multipoint,20261000,True,113393.72564670807,10410.220707685838,77.00787040009129,23,
multipoint,20261001,True,47291.25826552077,8292.99457903237,76.65399043435914,24,
multipoint,20261002,True,88303.12982126685,8397.953077183724,74.34892831730883,24,
multipoint,20261003,True,88153.2006355353,9824.440778896154,71.39157223551832,21,
multipoint,20261004,True,74282.86456108744,8276.691801530458,73.5394566364161,23,
multipoint,20261005,True,21555.89605924058,8398.184711776425,77.17642732203322,22,
multipoint,20261006,True,79420.13059110905,7915.669793876817,77.12881443546136,24,
multipoint,20261007,True,69030.44368331632,7845.859945317741,77.85900286858627,24,
multipoint,20261008,True,76741.29071760789,8291.297600898195,79.56867123056628,24,
multipoint,20261009,True,71434.40595330535,10750.296452113698,80.37559418904509,23,
multipoint,20261010,True,118424.2953891094,8415.305074079193,82.49583949966502,25,
multipoint,20261011,True,36457.848726418255,11093.49241256315,77.55568957957655,22,
multipoint,20261012,True,70589.03596430016,8152.127706685142,74.4269709736217,23,
multipoint,20261013,True,84337.21011525464,8048.148384115791,70.92546088516885,22,
multipoint,20261014,True,34953.85432317823,9636.005970526661,74.60474613661684,23,
multipoint,20261015,True,78806.84461854224,7095.378263592906,76.20894683346627,24,
multipoint,20261016,True,67492.86704251342,8217.227937002197,78.74126584678787,24,
multipoint,20261017,True,82014.09733955246,8101.473370316563,69.5533514405117,22,
multipoint,20261018,True,31662.679077614182,7835.280712396365,80.04222233620241,24,
multipoint,20261019,True,12028.678101094501,9636.17634055541,73.82314342992422,21,
multipoint,20261020,True,93079.04517469156,8138.457257514613,76.69472796893369,24,
multipoint,20261021,True,124774.14648519254,8798.05386247688,74.83601875068305,23,
multipoint,20261022,True,3004.7506867911397,7401.9566378243,73.8722049545866,23,
multipoint,20261023,True,38676.598574105345,8187.0518293765645,70.31107088947078,21,
multipoint,20261024,True,46232.60380348999,8257.981777797515,70.71430216966189,22,
multipoint,20261025,True,83303.43088435403,7669.9225353748425,73.05573576639267,23,
multipoint,20261026,True,12660.516488603287,10622.365749917279,82.77847204348275,24,
multipoint,20261027,True,59701.91748876445,8384.782331156865,78.94326159910126,24,
multipoint,20261028,True,72199.37231181486,8231.844390654749,80.50753786047117,24,
multipoint,20261029,True,39791.80991107331,10530.018412588339,80.17967071364019,22,
multipoint,20261030,True,12381.984226052751,10661.985645345423,72.20096809714994,21,
multipoint,20261031,True,32162.57421103475,10301.496177450055,73.4100565251989,22,
multipoint,20261032,True,13659.160099173441,9584.01258447416,79.06767982524693,22,
multipoint,20261033,True,71448.55748452182,10243.658553394338,79.40058249183083,24,
multipoint,20261034,True,80935.18378850844,8210.711856181251,73.37546508421612,22,
multipoint,20261035,True,80332.5240664185,7776.7356882188915,73.77179496819866,22,
multipoint,20261036,True,55965.304598172006,7645.096167971217,74.80114066451934,22,
multipoint,20261037,True,114936.10255746468,10275.748134078332,82.43607926103631,24,
multipoint,20261038,True,93577.43650242683,7677.007346270143,78.44186435424021,24,
multipoint,20261039,True,78948.49237406127,10005.69241035047,81.73607769368894,24,
multipoint,20261040,True,0,8136.744214283088,76.91831042153571,23,
multipoint,20261041,True,78561.08647487522,7364.802214354482,75.43549384706823,23,
multipoint,20261042,True,77360.28347670073,8371.880894169479,75.33980283637943,23,
multipoint,20261043,True,77495.74901108573,8020.440527537719,74.97198166246005,22,
multipoint,20261044,True,95205.72171384524,8384.747537713405,79.72025425697461,25,
multipoint,20261045,True,114965.3485179479,10603.899874274846,78.20925424794265,23,
multipoint,20261046,True,102998.30892668925,8703.407100035469,79.59669448850693,24,
multipoint,20261047,True,89826.97928183743,8168.940420740637,80.78410316570843,25,
multipoint,20261048,True,90550.29553530901,8151.143239800533,73.37181928402137,23,
multipoint,20261049,True,104106.41297055272,10660.057295387816,76.3040469186029,23,
multipoint,20261050,True,80805.64803619836,8430.128409385068,77.72442677806659,22,
multipoint,20261051,True,65084.498721119366,10343.505621230168,78.27460711892324,23,
multipoint,20261052,True,44766.070446790865,10687.947464371004,77.56243127644986,23,
multipoint,20261053,True,80303.81920300919,8109.580399951712,74.26259469279299,23,
multipoint,20261054,True,63588.76425122283,9924.660277239733,71.13341578019383,21,
multipoint,20261055,True,34795.15032271223,8248.401178067508,76.82455213481924,23,
multipoint,20261056,True,160818.9355615195,10861.026740251471,77.73117546194088,23,
multipoint,20261057,True,83949.28703058528,9819.54980887349,75.98651713958266,24,
multipoint,20261058,True,37156.694917792425,8523.065712715139,73.17070746680575,22,
multipoint,20261059,True,81438.67120224613,9926.888450886969,80.69218547833995,24,
multipoint,20261060,True,39510.0927651199,8194.267969313678,75.61299564121585,23,
multipoint,20261061,True,81763.42161916244,8384.747537713407,76.04915402887084,23,
multipoint,20261062,True,34128.56855912914,7794.072415543247,67.96315926060853,22,
multipoint,20261063,True,138047.24691643624,8252.507609807219,75.22999680799482,23,
multipoint,20261064,True,33295.36866808546,9672.042852944149,76.67700876652196,22,
multipoint,20261065,True,48771.12856787872,10178.70780471085,76.87820913350143,23,
multipoint,20261066,True,16435.497920776972,8283.761809965601,73.68692828219987,22,
multipoint,20261067,True,84341.86262565889,8077.919775177344,73.11008770835724,22,
multipoint,20261068,True,33871.933204480694,9768.320896049445,79.42619587222516,23,
multipoint,20261069,True,63076.31092503029,8008.093576803261,73.17978351858284,23,
multipoint,20261070,True,61850.72690041477,8049.529434135018,73.33524154894262,22,
multipoint,20261071,True,73340.07150495634,10814.468133245902,77.35937114357628,23,
multipoint,20261072,True,109165.62849676848,7910.944515961167,74.17059716767211,22,
multipoint,20261073,True,54933.37977174872,8525.096344207144,78.94387528020532,24,
multipoint,20261074,True,41948.29839175512,7939.02235987719,76.06810331128156,22,
multipoint,20261075,True,76838.88687845426,8251.52599349769,71.34352985408815,22,
multipoint,20261076,True,59359.81694944583,8288.882958513153,77.47616087483117,24,
multipoint,20261077,True,98196.86132247353,7989.607177197828,71.4489257487406,22,
multipoint,20261078,True,46895.50241186549,7928.596208130683,72.96211484369874,23,
multipoint,20261079,True,64897.62222765072,10614.533639185494,74.05820375012183,23,
multipoint,20261080,True,29941.388337011347,8000.453764053151,73.91890741391722,24,
multipoint,20261081,True,43553.348150814265,10578.153341824573,81.72517200121418,22,
multipoint,20261082,True,64542.28195442603,7705.900884505925,74.79319510890865,24,
multipoint,20261083,True,91578.26607445441,8533.600586341912,76.98384942281972,25,
multipoint,20261084,True,90304.01750303789,7807.312513443436,75.8938221352618,23,
multipoint,20261085,True,96995.51972784959,7954.252646234872,72.03596181345192,22,
multipoint,20261086,True,108816.48877275159,8206.093576803261,71.07307325060034,22,
multipoint,20261087,True,66500.63387833915,7935.58202821222,75.77554534903638,24,
multipoint,20261088,True,53117.16529773372,10110.149041148758,76.79440123773736,22,
multipoint,20261089,True,2226.5869075025694,10316.313084218988,80.76561795177965,23,
multipoint,20261090,True,82233.5674309455,10457.219234602686,73.30658601875662,22,
multipoint,20261091,True,14529.398113433193,8390.546814099287,74.4158088777327,23,
multipoint,20261092,True,34315.683550623304,8418.42322660711,74.86419455969799,23,
multipoint,20261093,True,144958.73427277734,8690.383307599544,74.02437184894579,22,
multipoint,20261094,True,56726.48238469827,8557.383822260197,78.12322473768096,24,
multipoint,20261095,True,48125.05249451773,8148.451451829085,75.73424005287774,23,
multipoint,20261096,True,34501.39793530783,8054.633117430326,74.87415700088606,22,
multipoint,20261097,True,86984.93386388214,9925.012435110744,81.16255067286923,24,
multipoint,20261098,True,140483.71222924045,8510.55873595302,81.29840672180336,25,
multipoint,20261099,True,31023.208415929876,8396.974956601667,80.20269811771587,25,
multipoint,20261100,True,36978.66773358436,9887.641116789995,74.762974364443,23,
multipoint,20261101,True,52051.94106338959,7754.597742715983,81.00364983186543,24,
multipoint,20261102,True,26767.785296036127,8450.640081085205,75.78634082417331,23,
multipoint,20261103,True,44332.32851752396,8299.387081899495,73.17679032828215,23,
multipoint,20261104,True,154816.98695075128,8080.257341067152,72.27439036651332,23,
multipoint,20261105,True,15885.079026171918,9864.027702437197,82.4698838433343,24,
multipoint,20261106,True,26662.454377027447,9266.020913282508,74.62952478695972,23,
multipoint,20261107,True,84262.55395218737,10433.262613695344,78.80028939356579,24,
multipoint,20261108,True,87139.63610211176,8440.318211182577,80.42094927213482,24,
multipoint,20261109,True,56131.30440777586,8499.665122190323,80.4125363901936,23,
multipoint,20261110,True,86027.95800823848,7842.7356882188915,74.20341591265829,22,
multipoint,20261111,True,85329.68814050616,7949.237953007775,72.7035233829865,22,
multipoint,20261112,True,101599.13712076462,8770.489769911293,76.42346315420342,23,
multipoint,20261113,True,117296.61593469545,8257.954766441428,69.83453559581591,22,
multipoint,20261114,True,49111.953477390496,9809.787809118208,74.16428965537165,22,
multipoint,20261115,True,175226.96106077888,8197.529353831984,79.25298262738796,25,
multipoint,20261116,True,63420.77555395079,8129.671133042653,75.5536840785851,23,
multipoint,20261117,True,98844.68274706547,9670.25593763593,77.55583715250329,23,
multipoint,20261118,True,71764.98832263832,10821.79896448049,73.72179924268508,22,
multipoint,20261119,True,86252.92026420092,7962.220733887101,75.59295731766554,23,
multipoint,20261120,True,124538.90340773325,10481.050985626705,81.98127209562362,23,
multipoint,20261121,True,81829.31631120027,8033.942546585204,73.2222962407431,22,
multipoint,20261122,True,91224.30815557644,10024.930518317695,85.2449019765645,26,
multipoint,20261123,True,58394.39231465307,10109.491184345292,82.41446583439937,24,
multipoint,20261124,True,34774.24334918535,8081.759966896607,74.15823153197228,24,
multipoint,20261125,True,60628.821288044935,10225.599898125081,71.57867513304777,22,
multipoint,20261126,True,32285.752988642842,7793.090118725636,76.1347771835395,22,
multipoint,20261127,True,8371.139643600536,8119.85776815149,73.62010348654017,23,
multipoint,20261128,True,93306.36156233941,7559.325179658713,78.06216290621728,24,
multipoint,20261129,True,85532.70184405534,10280.060609392987,80.49539561315355,23,
multipoint,20261130,True,17837.4222840976,10024.091424330318,80.37235542556651,23,
multipoint,20261131,True,88841.43195682518,8168.421685421517,73.26604410700254,23,
multipoint,20261132,True,64673.39571566491,8014.035295294996,79.1395375153618,24,
multipoint,20261133,True,55037.02275108619,8196.052337679033,71.8424931770157,22,
multipoint,20261134,True,42102.69658892438,7890.512347238991,77.00048731640969,24,
multipoint,20261135,True,47486.0894787415,9058.268589434832,77.85264577567804,24,
multipoint,20261136,True,35714.28191879138,8346.560244657487,78.08299886564956,24,
multipoint,20261137,True,101432.117569778,8000.453764053151,73.62245136402498,23,
multipoint,20261138,True,124379.47512740294,8504.640593073264,81.5904713730608,24,
multipoint,20261139,True,109924.00648447707,11121.118546837064,83.82205699008558,24,
multipoint,20261140,True,78578.54012135239,8007.247014158491,80.53785796863401,24,
multipoint,20261141,True,69471.95068454774,8425.530557405576,79.03175914961545,23,
multipoint,20261142,True,50407.55888224179,10126.239093317758,75.30415220141849,22,
multipoint,20261143,True,45314.58699438536,8609.264856533899,77.96178621091946,23,
multipoint,20261144,True,98498.40616071488,10726.938981991554,78.2609482288771,23,
multipoint,20261145,True,45360.420383775025,9703.146312337976,72.82935674766458,21,
multipoint,20261146,True,60502.485902042856,8452.3394295431,78.53821267418815,24,
multipoint,20261147,True,49982.86241611866,7920.947443023773,69.77280827983948,21,
multipoint,20261148,True,98054.09754807003,10225.18004839383,74.65649435074174,21,
multipoint,20261149,True,46759.43928614312,10320.017934932881,74.18054380083568,22,
multipoint,20261150,True,36127.812655356334,10350.142606166411,80.87735179003334,23,
multipoint,20261151,True,76811.44230298612,8202.997759101603,74.59525795986738,24,
multipoint,20261152,True,9334.401007043143,8430.249363231624,75.80390496761989,23,
multipoint,20261153,True,72298.58560379883,8318.373204066498,73.78783510884264,22,
multipoint,20261154,True,33450.127795574415,10603.024686530725,80.63722009465378,22,
multipoint,20261155,True,116142.08518282298,9894.232523540953,78.82956359278252,23,
multipoint,20261156,True,72494.08454733444,8056.979578046229,73.54709278686495,23,
multipoint,20261157,True,55533.34379265577,9102.74016100422,75.98829525181229,23,
multipoint,20261158,True,90492.01618696685,7795.728110751269,77.06879962633808,23,
multipoint,20261159,True,57207.07166171983,10454.222441128531,77.49268571497124,23,
multipoint,20261160,True,35380.69058702798,10159.39836836775,70.2426066592502,22,
multipoint,20261161,True,9704.044850746923,9636.842131489377,76.38947851176431,24,
multipoint,20261162,True,107031.20496992851,8143.40949384395,76.25056136966558,22,
multipoint,20261163,True,56518.61199123213,8519.17213543093,77.84443728413339,22,
multipoint,20261164,True,93679.8013690935,10368.944189505704,80.23350019806698,23,
multipoint,20261165,True,73302.15726602558,7910.153536244669,78.13465926941953,24,
multipoint,20261166,True,82964.69227494723,8015.359818163461,79.52039900428043,24,
multipoint,20261167,True,95163.345582304,8750.45674157478,81.76199895803958,25,
multipoint,20261168,True,67578.95800117106,9008.533163058739,76.84027843614942,24,
multipoint,20261169,True,56014.008532186206,9658.912545772035,76.64590245909605,23,
multipoint,20261170,True,143154.2704198967,7902.938671755471,78.72127273293897,24,
multipoint,20261171,True,69063.84926005073,9619.444711995278,74.80543838864024,23,
multipoint,20261172,True,73551.7453293798,8073.326416257145,74.99886864979031,22,
multipoint,20261173,True,178474.11008499272,8154.744498150231,80.60409664348524,25,
multipoint,20261174,True,42159.71153186909,7794.595802897874,79.06459386782663,25,
multipoint,20261175,True,41230.8932425481,9684.819705327369,80.53070563865701,24,
multipoint,20261176,True,127560.54060930907,7949.331388242867,83.35360472222271,25,
multipoint,20261177,True,83018.7199700604,8567.148802042733,74.7787164967346,23,
multipoint,20261178,True,69650.0034779621,10385.10575728353,80.24091263319173,23,
