trip_id,drone_id,type_id,battery_id,segment_id,origin,destination,distance_m,terrain_max_m,cruise_altitude_m,ascent_m,descent_m,cell_count,remaining_cargo_kg,ascent_duration_s,cruise_duration_s,descent_duration_s,ascent_energy_kwh,cruise_energy_kwh,descent_energy_kwh,handover_energy_kwh,total_energy_kwh,ascent_start_s,ascent_end_s,cruise_start_s,cruise_end_s,descent_start_s,descent_end_s,arrival_s,handover_start_s,handover_end_s,is_return,origin_x_m,origin_y_m,origin_work_altitude_m,destination_x_m,destination_y_m,destination_work_altitude_m
T001,U07,C,BAT-C-01,1,O01,S006,3186.250613253772,316.09783935546875,366.09783935546875,238.39783935546876,51.29783935546874,116,51,95.3591357421875,212.41670755025146,25.64891967773437,0.10904714363889688,1.3505383244314841,0.0,0.0,1.459585468070381,450.0,545.3591357421875,545.3591357421875,757.7758432924389,757.7758432924389,783.4247629701733,783.4247629701733,783.4247629701733,1143.4247629701733,0,318686.2012849663,2545556.1393078705,127.7,315500.3321695994,2545506.834640633,314.8
T001,U07,C,BAT-C-01,2,S006,O01,3186.250613253772,316.09783935546875,366.09783935546875,51.29783935546874,238.39783935546876,116,0,20.519135742187494,212.41670755025146,119.19891967773438,0.013566315951558638,0.9803848040780837,0.0,0.0,0.9939511200296424,1143.4247629701733,1163.9438987123608,1163.9438987123608,1376.3606062626122,1376.3606062626122,1495.5595259403467,1495.5595259403467,1495.5595259403467,1495.5595259403467,1,315500.3321695994,2545506.834640633,314.8,318686.2012849663,2545556.1393078705,127.7
T002,U05,B,BAT-B-01,1,O01,S014,5419.570194994184,541.9473876953125,591.9473876953125,464.2473876953125,240.9473876953125,203,25,154.74912923177084,361.30467966627896,96.378955078125,0.1580802654354943,1.148743936762247,0.0,0.0,1.3068242021977412,390.0,544.7491292317709,544.7491292317709,906.0538088980499,906.0538088980499,1002.4327639761749,1002.4327639761749,1002.4327639761749,1242.432763976175,0,318686.2012849663,2545556.1393078705,127.7,324088.70956645417,2545126.43549485,351
T002,U05,B,BAT-B-01,2,S014,O01,5419.570194994184,541.9473876953125,591.9473876953125,240.9473876953125,464.2473876953125,203,0,80.3157958984375,361.30467966627896,185.698955078125,0.059254488993150216,0.7742243135705977,0.0,0.0,0.833478802563748,1242.432763976175,1322.7485598746125,1322.7485598746125,1684.0532395408914,1684.0532395408914,1869.7521946190163,1869.7521946190163,1869.7521946190163,1869.7521946190163,1,324088.70956645417,2545126.43549485,351,318686.2012849663,2545556.1393078705,127.7
T003,U08,C,BAT-C-02,1,O01,S007,4534.527995612143,461.9731750488281,511.9731750488281,384.27317504882814,163.47317504882812,213,45,153.70927001953126,302.3018663741429,81.73658752441406,0.16704972914253036,1.8053486265578673,0.0,0.0,1.9723983557003977,450.0,603.7092700195312,603.7092700195312,906.0111363936742,906.0111363936742,987.7477239180882,987.7477239180882,987.7477239180882,1347.7477239180882,0,318686.2012849663,2545556.1393078705,127.7,314816.04690611176,2547919.1562834387,348.5
T003,U08,C,BAT-C-02,2,S007,O01,4534.527995612143,461.9731750488281,511.9731750488281,163.47317504882812,384.27317504882814,213,0,65.38927001953125,302.3018663741429,192.13658752441407,0.04323240062703398,1.3952393832652747,0.0,0.0,1.4384717838923087,1347.7477239180882,1413.1369939376195,1413.1369939376195,1715.4388603117625,1715.4388603117625,1907.5754478361766,1907.5754478361766,1907.5754478361766,1907.5754478361766,1,314816.04690611176,2547919.1562834387,348.5,318686.2012849663,2545556.1393078705,127.7
T004,U06,B,BAT-B-02,1,O01,S013,4849.227041161927,349.18182373046875,399.18182373046875,271.48182373046876,47.48182373046876,228,25,90.49394124348959,323.28180274412847,18.992729492187504,0.09244191759327783,1.0278527560476174,0.0,0.0,1.1202946736408952,390.0,480.4939412434896,480.4939412434896,803.7757439876181,803.7757439876181,822.7684734798056,822.7684734798056,822.7684734798056,1062.7684734798056,0,318686.2012849663,2545556.1393078705,127.7,322870.60295955674,2548006.8097309223,351.7
T004,U06,B,BAT-B-02,2,S013,O01,4849.227041161927,349.18182373046875,399.18182373046875,47.48182373046876,271.48182373046876,228,0,15.827274576822921,323.28180274412847,108.5927294921875,0.011676869496379664,0.6927467201659896,0.0,0.0,0.7044235896623693,1062.7684734798056,1078.5957480566285,1078.5957480566285,1401.877550800757,1401.877550800757,1510.4702802929446,1510.4702802929446,1510.4702802929446,1510.4702802929446,1,322870.60295955674,2548006.8097309223,351.7,318686.2012849663,2545556.1393078705,127.7
T005,U07,C,BAT-C-03,1,O01,S001,3053.9887026416195,223.05661010742188,273.0566101074219,145.3566101074219,89.05661010742188,136,62,58.142644042968755,203.59924684277465,44.52830505371094,0.07253794703983883,1.4853758059738713,0.0,0.0,1.5579137530137102,1975.5595259403467,2033.7021699833153,2033.7021699833153,2237.30141682609,2237.30141682609,2281.829721879801,2281.829721879801,2281.829721879801,2677.829721879801,0,318686.2012849663,2545556.1393078705,127.7,319988.599872737,2548318.4942659517,184
T005,U07,C,BAT-C-03,2,S001,O01,3053.9887026416195,223.05661010742188,273.0566101074219,89.05661010742188,145.3566101074219,136,0,35.62264404296875,203.59924684277465,72.67830505371094,0.023552066236553013,0.9396888315820368,0.0,0.0,0.9632408978185898,2677.829721879801,2713.45236592277,2713.45236592277,2917.0516127655446,2917.0516127655446,2989.7299178192557,2989.7299178192557,2989.7299178192557,2989.7299178192557,1,319988.599872737,2548318.4942659517,184,318686.2012849663,2545556.1393078705,127.7
T006,U01,A,BAT-A-01,1,O01,S010,4784.474876257699,385.63653564453125,435.63653564453125,307.93653564453126,84.03653564453123,203,17,102.64551188151042,398.7062396881416,33.61461425781249,0.10135989466559586,0.969988169815562,0.0,0.0,1.071348064481158,360.0,462.6455118815104,462.6455118815104,861.3517515696519,861.3517515696519,894.9663658274644,894.9663658274644,894.9663658274644,1104.9663658274644,0,318686.2012849663,2545556.1393078705,127.7,323330.1953724307,2546707.0166936666,351.6
T006,U01,A,BAT-A-01,2,S010,O01,4784.474876257699,385.63653564453125,435.63653564453125,84.03653564453123,307.93653564453126,203,0,28.012178548177076,398.7062396881416,123.17461425781251,0.022256243232828293,0.8612054777263859,0.0,0.0,0.8834617209592142,1104.9663658274644,1132.9785443756414,1132.9785443756414,1531.684784063783,1531.684784063783,1654.8593983215953,1654.8593983215953,1654.8593983215953,1654.8593983215953,1,323330.1953724307,2546707.0166936666,351.6,318686.2012849663,2545556.1393078705,127.7
T007,U08,C,BAT-C-04,1,O01,S002,7411.3077087600395,258.9542541503906,308.9542541503906,181.25425415039064,89.45425415039062,323,67,72.50170166015626,494.0871805840026,44.72712707519531,0.09388091960162494,3.882841707750171,0.0,0.0,3.976722627351796,2387.575447836177,2460.0771494963333,2460.0771494963333,2954.1643300803357,2954.1643300803357,2998.891457155531,2998.891457155531,2998.891457155531,3394.891457155531,0,318686.2012849663,2545556.1393078705,127.7,321607.1664922811,2552367.559439648,219.5
T007,U08,C,BAT-C-04,2,S002,O01,7411.3077087600395,258.9542541503906,308.9542541503906,89.45425415039062,181.25425415039064,323,0,35.78170166015625,494.0871805840026,90.62712707519532,0.023657227872811954,2.280402371926166,0.0,0.0,2.3040595997989777,3394.891457155531,3430.673158815687,3430.673158815687,3924.7603393996897,3924.7603393996897,4015.387466474885,4015.387466474885,4015.387466474885,4015.387466474885,1,321607.1664922811,2552367.559439648,219.5,318686.2012849663,2545556.1393078705,127.7
T008,U06,B,BAT-B-03,1,O01,S012,7390.4482261717885,363.3009948730469,413.3009948730469,285.6009948730469,133.50099487304686,354,25,95.20033162434896,492.69654841145257,53.40039794921874,0.09724961792957518,1.566495549335579,0.0,0.0,1.6637451672651542,1900.4702802929446,1995.6706119172936,1995.6706119172936,2488.367160328746,2488.367160328746,2541.767558277965,2541.767558277965,2541.767558277965,2781.767558277965,0,318686.2012849663,2545556.1393078705,127.7,324105.4192386115,2550581.1568953637,279.8
T008,U06,B,BAT-B-03,2,S012,O01,7390.4482261717885,363.3009948730469,413.3009948730469,133.50099487304686,285.6009948730469,354,0,44.50033162434895,492.69654841145257,114.24039794921876,0.03283095661233207,1.0557783180245413,0.0,0.0,1.0886092746368734,2781.767558277965,2826.2678899023135,2826.2678899023135,3318.964438313766,3318.964438313766,3433.204836262985,3433.204836262985,3433.204836262985,3433.204836262985,1,324105.4192386115,2550581.1568953637,279.8,318686.2012849663,2545556.1393078705,127.7
T009,U02,A,BAT-A-02,1,O01,S015,6009.472571071346,521.7992553710938,571.7992553710938,444.09925537109376,97.29925537109375,286,11,148.03308512369793,500.7893809226121,38.9197021484375,0.13609768633390426,1.148761238844798,0.0,0.0,1.2848589251787024,360.0,508.0330851236979,508.0330851236979,1008.82246604631,1008.82246604631,1047.7421681947474,1047.7421681947474,1047.7421681947474,1257.7421681947474,0,318686.2012849663,2545556.1393078705,127.7,314798.3027495933,2550138.497386535,474.5
T009,U02,A,BAT-A-02,2,S015,O01,6009.472571071346,521.7992553710938,571.7992553710938,97.29925537109375,444.09925537109376,286,0,32.433085123697914,500.7893809226121,177.6397021484375,0.025768743050904923,1.0817050627928422,0.0,0.0,1.107473805843747,1257.7421681947474,1290.1752533184454,1290.1752533184454,1790.9646342410574,1790.9646342410574,1968.6043363894948,1968.6043363894948,1968.6043363894948,1968.6043363894948,1,314798.3027495933,2550138.497386535,474.5,318686.2012849663,2545556.1393078705,127.7
T010,U03,A,BAT-A-03,1,O01,S008,8079.114648723534,322.9093322753906,372.9093322753906,245.20933227539064,102.00933227539065,321,17,81.73644409179688,673.2595540602945,40.803732910156256,0.080712709319902,1.637932235935383,0.0,0.0,1.718644945255285,360.0,441.7364440917969,441.7364440917969,1114.9959981520915,1114.9959981520915,1155.7997310622477,1155.7997310622477,1155.7997310622477,1365.7997310622477,0,318686.2012849663,2545556.1393078705,127.7,316926.3521472279,2553441.253417357,270.9
T010,U03,A,BAT-A-03,2,S008,O01,8079.114648723534,322.9093322753906,372.9093322753906,102.00933227539065,245.20933227539064,321,0,34.00311075846355,673.2595540602945,98.08373291015626,0.02701616021801396,1.454240636770236,0.0,0.0,1.48125679698825,1365.7997310622477,1399.8028418207114,1399.8028418207114,2073.0623958810056,2073.0623958810056,2171.146128791162,2171.146128791162,2171.146128791162,2171.146128791162,1,316926.3521472279,2553441.253417357,270.9,318686.2012849663,2545556.1393078705,127.7
T011,U07,C,BAT-C-01,1,O01,S004,7714.729254942358,348.2391662597656,398.2391662597656,270.53916625976564,169.9391662597656,276,59,108.21566650390625,514.3152836628238,84.9695831298828,0.13193764958251988,3.602254102814671,0.0,0.0,3.734191752397191,3473.392351884103,3581.608018388009,3581.608018388009,4095.9233020508327,4095.9233020508327,4180.892885180716,4180.892885180716,4180.892885180716,4576.892885180716,0,318686.2012849663,2545556.1393078705,127.7,319528.9759536631,2553224.6970819808,228.3
T011,U07,C,BAT-C-01,2,S004,O01,7714.729254942358,348.2391662597656,398.2391662597656,169.9391662597656,270.53916625976564,276,0,67.97566650390624,514.3152836628238,135.26958312988282,0.04494240792577662,2.3737628476745716,0.0,0.0,2.418705255600348,4576.892885180716,4644.868551684622,4644.868551684622,5159.183835347446,5159.183835347446,5294.453418477328,5294.453418477328,5294.453418477328,5294.453418477328,1,319528.9759536631,2553224.6970819808,228.3,318686.2012849663,2545556.1393078705,127.7
T012,U08,C,BAT-C-02,1,O01,S003,7263.327717049588,511.80413818359375,561.8041381835938,434.10413818359376,223.30413818359375,338,67,173.6416552734375,484.2218478033058,111.65206909179688,0.2248449057738092,3.805313840023573,0.0,0.0,4.030158745797382,4525.3874664748855,4699.029121748323,4699.029121748323,5183.250969551628,5183.250969551628,5294.903038643425,5294.903038643425,5294.903038643425,5726.903038643425,0,318686.2012849663,2545556.1393078705,127.7,312375.1586337376,2549151.507186076,338.5
T012,U08,C,BAT-C-02,2,S003,O01,7263.327717049588,511.80413818359375,561.8041381835938,223.30413818359375,434.10413818359376,338,0,89.3216552734375,484.2218478033058,217.05206909179688,0.05905540135709798,2.2348700667844885,0.0,0.0,2.2939254681415866,5726.903038643425,5816.224693916863,5816.224693916863,6300.446541720168,6300.446541720168,6517.498610811965,6517.498610811965,6517.498610811965,6517.498610811965,1,312375.1586337376,2549151.507186076,338.5,318686.2012849663,2545556.1393078705,127.7
T013,U05,B,BAT-B-04,1,O01,S011,2808.0980667554068,245.36175537109375,295.36175537109375,167.66175537109376,83.26175537109376,123,25,55.88725179036459,187.2065377836938,33.3047021484375,0.05709028310103947,0.5952106000949255,0.0,0.0,0.652300883195965,2259.7521946190163,2315.639446409381,2315.639446409381,2502.845984193075,2502.845984193075,2536.1506863415125,2536.1506863415125,2536.1506863415125,2776.1506863415125,0,318686.2012849663,2545556.1393078705,127.7,317639.7049014466,2548161.9520547492,212.1
T013,U05,B,BAT-B-04,2,S011,O01,2808.0980667554068,245.36175537109375,295.36175537109375,83.26175537109376,167.66175537109376,123,0,27.75391845703125,187.2065377836938,67.0647021484375,0.020475975333775414,0.4011568666793438,0.0,0.0,0.42163284201311924,2776.1506863415125,2803.904604798544,2803.904604798544,2991.111142582238,2991.111142582238,3058.175844730675,3058.175844730675,3058.175844730675,3058.175844730675,1,317639.7049014466,2548161.9520547492,212.1,318686.2012849663,2545556.1393078705,127.7
T014,U05,B,BAT-B-02,1,O01,S009,5705.148819569368,243.22891235351562,293.2289123535156,165.52891235351564,63.228912353515625,253,25,55.17630411783855,380.3432546379579,25.29156494140625,0.0563640315392918,1.2092758058305093,0.0,0.0,1.265639837369801,3448.175844730675,3503.352148848514,3503.352148848514,3883.695403486472,3883.695403486472,3908.9869684278783,3908.9869684278783,3908.9869684278783,4148.986968427878,0,318686.2012849663,2545556.1393078705,127.7,321135.49177049473,2550708.7793274075,230
T014,U05,B,BAT-B-02,2,S009,O01,5705.148819569368,243.22891235351562,293.2289123535156,63.228912353515625,165.52891235351564,253,0,21.076304117838543,380.3432546379579,66.21156494140625,0.01554943976333112,0.8150212599384812,0.0,0.0,0.8305706997018123,4148.986968427878,4170.063272545717,4170.063272545717,4550.406527183675,4550.406527183675,4616.618092125082,4616.618092125082,4616.618092125082,4616.618092125082,1,321135.49177049473,2550708.7793274075,230,318686.2012849663,2545556.1393078705,127.7
T015,U07,C,BAT-C-03,1,O01,S005,5280.641689396255,276.410888671875,326.410888671875,198.710888671875,131.410888671875,181,34,79.48435546875001,352.0427792930837,65.7054443359375,0.07811292336857295,1.9097233899547534,0.0,0.0,1.9878363133233263,5684.453418477328,5763.937773946079,5763.937773946079,6115.980553239163,6115.980553239163,6181.6859975751,6181.6859975751,6181.6859975751,6469.6859975751,0,318686.2012849663,2545556.1393078705,127.7,318488.48309921037,2550833.078209432,195
T015,U07,C,BAT-C-03,2,S005,O01,5280.641689396255,276.410888671875,326.410888671875,131.410888671875,198.710888671875,181,0,52.56435546875,352.0427792930837,99.3554443359375,0.03475315252254769,1.62481282750654,0.0,0.0,1.6595659800290878,6469.6859975751,6522.250353043851,6522.250353043851,6874.293132336935,6874.293132336935,6973.648576672872,6973.648576672872,6973.648576672872,6973.648576672872,1,318488.48309921037,2550833.078209432,195,318686.2012849663,2545556.1393078705,127.7
T016,U04,A,BAT-A-04,1,O01,S001,3053.9887026416195,223.05661010742188,273.0566101074219,145.3566101074219,89.05661010742188,136,22,48.452203369140626,254.4990585534683,35.62264404296875,0.05059508057365559,0.6584258010062226,0.0,0.0,0.7090208815798782,360.0,408.45220336914065,408.45220336914065,662.951261922609,662.951261922609,698.5739059655778,698.5739059655778,698.5739059655778,908.5739059655778,0,318686.2012849663,2545556.1393078705,127.7,319988.599872737,2548318.4942659517,184
T016,U04,A,BAT-A-04,2,S001,O01,3053.9887026416195,223.05661010742188,273.0566101074219,89.05661010742188,145.3566101074219,136,0,29.685536702473957,254.4990585534683,58.142644042968755,0.023585760179666824,0.5497179664754915,0.0,0.0,0.5733037266551584,908.5739059655778,938.2594426680517,938.2594426680517,1192.75850122152,1192.75850122152,1250.9011452644886,1250.9011452644886,1250.9011452644886,1250.9011452644886,1,319988.599872737,2548318.4942659517,184,318686.2012849663,2545556.1393078705,127.7
T017,U06,B,BAT-B-01,1,O01,S002,7411.3077087600395,258.9542541503906,308.9542541503906,181.25425415039064,89.45425415039062,323,14,60.418084716796876,494.0871805840026,35.78170166015625,0.05417525674600708,1.2263031509317623,0.0,0.0,1.2804784076777693,3823.8834966823283,3884.301581399125,3884.301581399125,4378.388761983128,4378.388761983128,4414.170463643284,4414.170463643284,4414.170463643284,4624.170463643284,0,318686.2012849663,2545556.1393078705,127.7,321607.1664922811,2552367.559439648,219.5
T017,U06,B,BAT-B-01,2,S002,O01,7411.3077087600395,258.9542541503906,308.9542541503906,89.45425415039062,181.25425415039064,323,0,29.818084716796875,494.0871805840026,72.50170166015626,0.02199885281448894,1.058758244108577,0.0,0.0,1.080757096923066,4624.170463643284,4653.988548360081,4653.988548360081,5148.0757289440835,5148.0757289440835,5220.577430604239,5220.577430604239,5220.577430604239,5220.577430604239,1,321607.1664922811,2552367.559439648,219.5,318686.2012849663,2545556.1393078705,127.7
T018,U04,A,BAT-A-05,1,O01,S001,3053.9887026416195,223.05661010742188,273.0566101074219,145.3566101074219,89.05661010742188,136,22,48.452203369140626,254.4990585534683,35.62264404296875,0.05059508057365559,0.6584258010062226,0.0,0.0,0.7090208815798782,1610.9011452644886,1659.3533486336291,1659.3533486336291,1913.8524071870975,1913.8524071870975,1949.4750512300661,1949.4750512300661,1949.4750512300661,2159.475051230066,0,318686.2012849663,2545556.1393078705,127.7,319988.599872737,2548318.4942659517,184
T018,U04,A,BAT-A-05,2,S001,O01,3053.9887026416195,223.05661010742188,273.0566101074219,89.05661010742188,145.3566101074219,136,0,29.685536702473957,254.4990585534683,58.142644042968755,0.023585760179666824,0.5497179664754915,0.0,0.0,0.5733037266551584,2159.475051230066,2189.1605879325402,2189.1605879325402,2443.6596464860086,2443.6596464860086,2501.802290528977,2501.802290528977,2501.802290528977,2501.802290528977,1,319988.599872737,2548318.4942659517,184,318686.2012849663,2545556.1393078705,127.7
T019,U01,A,BAT-A-06,1,O01,S006,3186.250613253772,316.09783935546875,366.09783935546875,238.39783935546876,51.29783935546874,116,22,79.46594645182292,265.52088443781435,20.519135742187494,0.08298045669791987,0.6869408555518055,0.0,0.0,0.7699213122497254,2014.8593983215953,2094.3253447734182,2094.3253447734182,2359.8462292112326,2359.8462292112326,2380.3653649534203,2380.3653649534203,2380.3653649534203,2560.3653649534203,0,318686.2012849663,2545556.1393078705,127.7,315500.3321695994,2545506.834640633,314.8
T019,U01,A,BAT-A-06,2,S006,S003,4801.077753250744,612.3626708984375,662.3626708984375,347.5626708984375,323.8626708984375,229,14,115.85422363281249,400.0898127708953,129.545068359375,0.1104582327127923,0.9432507926099176,0.0,0.0,1.05370902532271,2560.3653649534203,2676.219588586233,2676.219588586233,3076.309401357128,3076.309401357128,3205.854469716503,3205.854469716503,3205.854469716503,3385.854469716503,0,315500.3321695994,2545506.834640633,314.8,312375.1586337376,2549151.507186076,338.5
T019,U01,A,BAT-A-06,3,S003,O01,7263.327717049588,511.80413818359375,561.8041381835938,223.30413818359375,434.10413818359376,338,0,74.43471272786458,605.2773097541323,173.6416552734375,0.0591398869098263,1.3073989890689257,0.0,0.0,1.366538875978752,3385.854469716503,3460.2891824443677,3460.2891824443677,4065.5664921985,4065.5664921985,4239.208147471937,4239.208147471937,4239.208147471937,4239.208147471937,1,312375.1586337376,2549151.507186076,338.5,318686.2012849663,2545556.1393078705,127.7
T020,U02,A,BAT-A-04,1,O01,S001,3053.9887026416195,223.05661010742188,273.0566101074219,145.3566101074219,89.05661010742188,136,22,48.452203369140626,254.4990585534683,35.62264404296875,0.05059508057365559,0.6584258010062226,0.0,0.0,0.7090208815798782,2481.350476532388,2529.8026799015283,2529.8026799015283,2784.3017384549967,2784.3017384549967,2819.9243824979653,2819.9243824979653,2819.9243824979653,3029.9243824979653,0,318686.2012849663,2545556.1393078705,127.7,319988.599872737,2548318.4942659517,184
T020,U02,A,BAT-A-04,2,S001,O01,3053.9887026416195,223.05661010742188,273.0566101074219,89.05661010742188,145.3566101074219,136,0,29.685536702473957,254.4990585534683,58.142644042968755,0.023585760179666824,0.5497179664754915,0.0,0.0,0.5733037266551584,3029.9243824979653,3059.6099192004394,3059.6099192004394,3314.1089777539078,3314.1089777539078,3372.2516217968764,3372.2516217968764,3372.2516217968764,3372.2516217968764,1,319988.599872737,2548318.4942659517,184,318686.2012849663,2545556.1393078705,127.7
T021,U03,A,BAT-A-01,1,O01,S001,3053.9887026416195,223.05661010742188,273.0566101074219,145.3566101074219,89.05661010742188,136,22,48.452203369140626,254.4990585534683,35.62264404296875,0.05059508057365559,0.6584258010062226,0.0,0.0,0.7090208815798782,3079.5822252265916,3128.034428595732,3128.034428595732,3382.5334871492005,3382.5334871492005,3418.156131192169,3418.156131192169,3418.156131192169,3598.156131192169,0,318686.2012849663,2545556.1393078705,127.7,319988.599872737,2548318.4942659517,184
T021,U03,A,BAT-A-01,2,S001,S010,3709.867982765846,381.0796813964844,431.0796813964844,247.07968139648438,79.47968139648435,170,8,82.35989379882812,309.15566523048716,31.79187255859374,0.07291507279715008,0.692860465164549,0.0,0.0,0.7657755379616991,3598.156131192169,3680.5160249909973,3680.5160249909973,3989.6716902214844,3989.6716902214844,4021.463562780078,4021.463562780078,4021.463562780078,4201.463562780078,0,319988.599872737,2548318.4942659517,184,323330.1953724307,2546707.0166936666,351.6
T021,U03,A,BAT-A-01,3,S010,O01,4784.474876257699,385.63653564453125,435.63653564453125,84.03653564453123,307.93653564453126,203,0,28.012178548177076,398.7062396881416,123.17461425781251,0.022256243232828293,0.8612054777263859,0.0,0.0,0.8834617209592142,4201.463562780078,4229.475741328255,4229.475741328255,4628.181981016397,4628.181981016397,4751.356595274209,4751.356595274209,4751.356595274209,4751.356595274209,1,323330.1953724307,2546707.0166936666,351.6,318686.2012849663,2545556.1393078705,127.7
T022,U05,B,BAT-B-04,1,O01,S005,5280.641689396255,276.410888671875,326.410888671875,198.710888671875,131.410888671875,181,14,66.23696289062501,352.0427792930837,52.56435546875,0.0593928868731209,0.8737550506767009,0.0,0.0,0.9331479375498218,4976.618092125082,5042.855055015707,5042.855055015707,5394.897834308791,5394.897834308791,5447.462189777541,5447.462189777541,5447.462189777541,5627.462189777541,0,318686.2012849663,2545556.1393078705,127.7,318488.48309921037,2550833.078209432,195
T022,U05,B,BAT-B-04,2,S005,S008,3040.202464701387,316.78717041015625,366.78717041015625,171.78717041015625,95.88717041015627,141,6,57.26239013671875,202.6801643134258,38.35486816406251,0.04614607348915736,0.45162665913345884,0.0,0.0,0.49777273262261623,5627.462189777541,5684.72457991426,5684.72457991426,5887.404744227686,5887.404744227686,5925.759612391748,5925.759612391748,5925.759612391748,6105.759612391748,0,318488.48309921037,2550833.078209432,195,316926.3521472279,2553441.253417357,270.9
T022,U05,B,BAT-B-04,3,S008,O01,8079.114648723534,322.9093322753906,372.9093322753906,102.00933227539065,245.20933227539064,321,0,34.00311075846355,538.6076432482356,98.08373291015626,0.02508643448815582,1.1541592355319334,0.0,0.0,1.1792456700200893,6105.759612391748,6139.762723150212,6139.762723150212,6678.370366398448,6678.370366398448,6776.454099308604,6776.454099308604,6776.454099308604,6776.454099308604,1,316926.3521472279,2553441.253417357,270.9,318686.2012849663,2545556.1393078705,127.7
T023,U04,A,BAT-A-02,1,O01,S005,5280.641689396255,276.410888671875,326.410888671875,198.710888671875,131.410888671875,181,17,66.23696289062501,440.0534741163546,52.56435546875,0.06540735642989265,1.0705793426081611,0.0,0.0,1.1359866990380538,3519.7226809070917,3585.9596437977166,3585.9596437977166,4026.0131179140712,4026.0131179140712,4078.577473382821,4078.577473382821,4078.577473382821,4288.577473382821,0,318686.2012849663,2545556.1393078705,127.7,318488.48309921037,2550833.078209432,195
T023,U04,A,BAT-A-02,2,S005,O01,5280.641689396255,276.410888671875,326.410888671875,131.410888671875,198.710888671875,181,0,43.803629557291664,440.0534741163546,79.48435546875001,0.03480287090956134,0.9505155040913259,0.0,0.0,0.9853183750008873,4288.577473382821,4332.381102940113,4332.381102940113,4772.434577056468,4772.434577056468,4851.918932525218,4851.918932525218,4851.918932525218,4851.918932525218,1,318488.48309921037,2550833.078209432,195,318686.2012849663,2545556.1393078705,127.7
T024,U06,B,BAT-B-03,1,O01,S001,3053.9887026416195,223.05661010742188,273.0566101074219,145.3566101074219,89.05661010742188,136,12,48.452203369140626,203.59924684277465,35.62264404296875,0.04234588265403783,0.4893386621963528,0.0,0.0,0.5316845448503906,5652.558427753864,5701.010631123005,5701.010631123005,5904.60987796578,5904.60987796578,5940.232522008749,5940.232522008749,5940.232522008749,6150.232522008749,0,318686.2012849663,2545556.1393078705,127.7,319988.599872737,2548318.4942659517,184
T024,U06,B,BAT-B-03,2,S001,O01,3053.9887026416195,223.05661010742188,273.0566101074219,89.05661010742188,145.3566101074219,136,0,29.685536702473957,203.59924684277465,58.142644042968755,0.021901063023976337,0.4362841003773742,0.0,0.0,0.4581851634013505,6150.232522008749,6179.918058711222,6179.918058711222,6383.517305553997,6383.517305553997,6441.659949596966,6441.659949596966,6441.659949596966,6441.659949596966,1,319988.599872737,2548318.4942659517,184,318686.2012849663,2545556.1393078705,127.7
T025,U02,A,BAT-A-05,1,O01,S008,8079.114648723534,322.9093322753906,372.9093322753906,245.20933227539064,102.00933227539065,321,22,81.73644409179688,673.2595540602945,40.803732910156256,0.08535137077506877,1.7418196502841268,0.0,0.0,1.8271710210591956,3732.2516217968764,3813.988065888673,3813.988065888673,4487.247619948967,4487.247619948967,4528.051352859124,4528.051352859124,4528.051352859124,4738.051352859124,0,318686.2012849663,2545556.1393078705,127.7,316926.3521472279,2553441.253417357,270.9
T025,U02,A,BAT-A-05,2,S008,O01,8079.114648723534,322.9093322753906,372.9093322753906,102.00933227539065,245.20933227539064,321,0,34.00311075846355,673.2595540602945,98.08373291015626,0.02701616021801396,1.454240636770236,0.0,0.0,1.48125679698825,4738.051352859124,4772.054463617587,4772.054463617587,5445.314017677882,5445.314017677882,5543.3977505880375,5543.3977505880375,5543.3977505880375,5543.3977505880375,1,316926.3521472279,2553441.253417357,270.9,318686.2012849663,2545556.1393078705,127.7
T026,U01,A,BAT-A-03,1,O01,S015,6009.472571071346,521.7992553710938,571.7992553710938,444.09925537109376,97.29925537109375,286,14,148.03308512369793,500.7893809226121,38.9197021484375,0.14113834138330814,1.1806598553819678,0.0,0.0,1.3217981967652759,4569.208147471937,4717.241232595635,4717.241232595635,5218.030613518247,5218.030613518247,5256.950315666685,5256.950315666685,5256.950315666685,5436.950315666685,0,318686.2012849663,2545556.1393078705,127.7,314798.3027495933,2550138.497386535,474.5
T026,U01,A,BAT-A-03,2,S015,O01,6009.472571071346,521.7992553710938,571.7992553710938,97.29925537109375,444.09925537109376,286,0,32.433085123697914,500.7893809226121,177.6397021484375,0.025768743050904923,1.0817050627928422,0.0,0.0,1.107473805843747,5436.950315666685,5469.383400790383,5469.383400790383,5970.172781712996,5970.172781712996,6147.812483861433,6147.812483861433,6147.812483861433,6147.812483861433,1,314798.3027495933,2550138.497386535,474.5,318686.2012849663,2545556.1393078705,127.7
