start,end,distance_diff_m,terrain_max_diff_m,cruise_diff_m,up_diff_m,down_diff_m
O01,S001,0.0,0.0,0.0,0.0,0.0
O01,S002,0.0,0.0,0.0,0.0,0.0
O01,S003,0.0,0.0,0.0,0.0,0.0
O01,S004,0.0,0.0,0.0,0.0,0.0
O01,S005,0.0,0.0,0.0,0.0,0.0
O01,S006,0.0,0.0,0.0,0.0,0.0
O01,S007,0.0,0.0,0.0,0.0,0.0
O01,S008,0.0,0.0,0.0,0.0,0.0
O01,S009,0.0,0.0,0.0,0.0,0.0
O01,S010,0.0,0.0,0.0,0.0,0.0
O01,S011,0.0,0.0,0.0,0.0,0.0
O01,S012,0.0,0.0,0.0,0.0,0.0
O01,S013,0.0,0.0,0.0,0.0,0.0
O01,S014,0.0,0.0,0.0,0.0,0.0
O01,S015,0.0,0.0,0.0,0.0,0.0
S001,O01,0.0,0.0,0.0,0.0,0.0
S001,S002,0.0,0.0,0.0,0.0,0.0
S001,S003,0.0,0.0,0.0,0.0,0.0
S001,S004,0.0,0.0,0.0,0.0,0.0
S001,S005,0.0,0.0,0.0,0.0,0.0
S001,S006,0.0,0.0,0.0,0.0,0.0
S001,S007,0.0,0.0,0.0,0.0,0.0
S001,S008,0.0,0.0,0.0,0.0,0.0
S001,S009,0.0,0.0,0.0,0.0,0.0
S001,S010,0.0,0.0,0.0,0.0,0.0
S001,S011,0.0,0.0,0.0,0.0,0.0
S001,S012,0.0,0.0,0.0,0.0,0.0
S001,S013,0.0,0.0,0.0,0.0,0.0
S001,S014,0.0,0.0,0.0,0.0,0.0
S001,S015,0.0,0.0,0.0,0.0,0.0
S002,O01,0.0,0.0,0.0,0.0,0.0
S002,S001,0.0,0.0,0.0,0.0,0.0
S002,S003,0.0,0.0,0.0,0.0,0.0
S002,S004,0.0,0.0,0.0,0.0,0.0
S002,S005,0.0,0.0,0.0,0.0,0.0
S002,S006,0.0,0.0,0.0,0.0,0.0
S002,S007,0.0,0.0,0.0,0.0,0.0
S002,S008,0.0,0.0,0.0,0.0,0.0
S002,S009,0.0,0.0,0.0,0.0,0.0
S002,S010,0.0,0.0,0.0,0.0,0.0
S002,S011,0.0,0.0,0.0,0.0,0.0
S002,S012,0.0,0.0,0.0,0.0,0.0
S002,S013,0.0,0.0,0.0,0.0,0.0
S002,S014,0.0,0.0,0.0,0.0,0.0
S002,S015,0.0,0.0,0.0,0.0,0.0
S003,O01,0.0,0.0,0.0,0.0,0.0
S003,S001,0.0,0.0,0.0,0.0,0.0
S003,S002,0.0,0.0,0.0,0.0,0.0
S003,S004,0.0,0.0,0.0,0.0,0.0
S003,S005,0.0,0.0,0.0,0.0,0.0
S003,S006,0.0,0.0,0.0,0.0,0.0
S003,S007,0.0,0.0,0.0,0.0,0.0
S003,S008,0.0,0.0,0.0,0.0,0.0
S003,S009,0.0,0.0,0.0,0.0,0.0
S003,S010,0.0,0.0,0.0,0.0,0.0
S003,S011,0.0,0.0,0.0,0.0,0.0
S003,S012,0.0,0.0,0.0,0.0,0.0
S003,S013,0.0,0.0,0.0,0.0,0.0
S003,S014,0.0,0.0,0.0,0.0,0.0
S003,S015,0.0,0.0,0.0,0.0,0.0
S004,O01,0.0,0.0,0.0,0.0,0.0
S004,S001,0.0,0.0,0.0,0.0,0.0
S004,S002,0.0,0.0,0.0,0.0,0.0
S004,S003,0.0,0.0,0.0,0.0,0.0
S004,S005,0.0,0.0,0.0,0.0,0.0
S004,S006,0.0,0.0,0.0,0.0,0.0
S004,S007,0.0,0.0,0.0,0.0,0.0
S004,S008,0.0,0.0,0.0,0.0,0.0
S004,S009,0.0,0.0,0.0,0.0,0.0
S004,S010,0.0,0.0,0.0,0.0,0.0
S004,S011,0.0,0.0,0.0,0.0,0.0
S004,S012,0.0,0.0,0.0,0.0,0.0
S004,S013,0.0,0.0,0.0,0.0,0.0
S004,S014,0.0,0.0,0.0,0.0,0.0
S004,S015,0.0,0.0,0.0,0.0,0.0
S005,O01,0.0,0.0,0.0,0.0,0.0
S005,S001,0.0,0.0,0.0,0.0,0.0
S005,S002,0.0,0.0,0.0,0.0,0.0
S005,S003,0.0,0.0,0.0,0.0,0.0
S005,S004,0.0,0.0,0.0,0.0,0.0
S005,S006,0.0,0.0,0.0,0.0,0.0
S005,S007,0.0,0.0,0.0,0.0,0.0
S005,S008,0.0,0.0,0.0,0.0,0.0
S005,S009,0.0,0.0,0.0,0.0,0.0
S005,S010,0.0,0.0,0.0,0.0,0.0
S005,S011,0.0,0.0,0.0,0.0,0.0
S005,S012,0.0,0.0,0.0,0.0,0.0
S005,S013,0.0,0.0,0.0,0.0,0.0
S005,S014,0.0,0.0,0.0,0.0,0.0
S005,S015,0.0,0.0,0.0,0.0,0.0
S006,O01,0.0,0.0,0.0,0.0,0.0
S006,S001,0.0,0.0,0.0,0.0,0.0
S006,S002,0.0,0.0,0.0,0.0,0.0
S006,S003,0.0,0.0,0.0,0.0,0.0
S006,S004,0.0,0.0,0.0,0.0,0.0
S006,S005,0.0,0.0,0.0,0.0,0.0
S006,S007,0.0,0.0,0.0,0.0,0.0
S006,S008,0.0,0.0,0.0,0.0,0.0
S006,S009,0.0,0.0,0.0,0.0,0.0
S006,S010,0.0,0.0,0.0,0.0,0.0
S006,S011,0.0,0.0,0.0,0.0,0.0
S006,S012,0.0,0.0,0.0,0.0,0.0
S006,S013,0.0,0.0,0.0,0.0,0.0
S006,S014,0.0,0.0,0.0,0.0,0.0
S006,S015,0.0,0.0,0.0,0.0,0.0
S007,O01,0.0,0.0,0.0,0.0,0.0
S007,S001,0.0,0.0,0.0,0.0,0.0
S007,S002,0.0,0.0,0.0,0.0,0.0
S007,S003,0.0,0.0,0.0,0.0,0.0
S007,S004,0.0,0.0,0.0,0.0,0.0
S007,S005,0.0,0.0,0.0,0.0,0.0
S007,S006,0.0,0.0,0.0,0.0,0.0
S007,S008,0.0,0.0,0.0,0.0,0.0
S007,S009,0.0,0.0,0.0,0.0,0.0
S007,S010,0.0,0.0,0.0,0.0,0.0
S007,S011,0.0,0.0,0.0,0.0,0.0
S007,S012,0.0,0.0,0.0,0.0,0.0
S007,S013,0.0,0.0,0.0,0.0,0.0
S007,S014,0.0,0.0,0.0,0.0,0.0
S007,S015,0.0,0.0,0.0,0.0,0.0
S008,O01,0.0,0.0,0.0,0.0,0.0
S008,S001,0.0,0.0,0.0,0.0,0.0
S008,S002,0.0,0.0,0.0,0.0,0.0
S008,S003,0.0,0.0,0.0,0.0,0.0
S008,S004,0.0,0.0,0.0,0.0,0.0
S008,S005,0.0,0.0,0.0,0.0,0.0
S008,S006,0.0,0.0,0.0,0.0,0.0
S008,S007,0.0,0.0,0.0,0.0,0.0
S008,S009,0.0,0.0,0.0,0.0,0.0
S008,S010,0.0,0.0,0.0,0.0,0.0
S008,S011,0.0,0.0,0.0,0.0,0.0
S008,S012,0.0,0.0,0.0,0.0,0.0
S008,S013,0.0,0.0,0.0,0.0,0.0
S008,S014,0.0,0.0,0.0,0.0,0.0
S008,S015,0.0,0.0,0.0,0.0,0.0
S009,O01,0.0,0.0,0.0,0.0,0.0
S009,S001,0.0,0.0,0.0,0.0,0.0
S009,S002,0.0,0.0,0.0,0.0,0.0
S009,S003,0.0,0.0,0.0,0.0,0.0
S009,S004,0.0,0.0,0.0,0.0,0.0
S009,S005,0.0,0.0,0.0,0.0,0.0
S009,S006,0.0,0.0,0.0,0.0,0.0
S009,S007,0.0,0.0,0.0,0.0,0.0
S009,S008,0.0,0.0,0.0,0.0,0.0
S009,S010,0.0,0.0,0.0,0.0,0.0
S009,S011,0.0,0.0,0.0,0.0,0.0
S009,S012,0.0,0.0,0.0,0.0,0.0
S009,S013,0.0,0.0,0.0,0.0,0.0
S009,S014,0.0,0.0,0.0,0.0,0.0
S009,S015,0.0,0.0,0.0,0.0,0.0
S010,O01,0.0,0.0,0.0,0.0,0.0
S010,S001,0.0,0.0,0.0,0.0,0.0
S010,S002,0.0,0.0,0.0,0.0,0.0
S010,S003,0.0,0.0,0.0,0.0,0.0
S010,S004,0.0,0.0,0.0,0.0,0.0
S010,S005,0.0,0.0,0.0,0.0,0.0
S010,S006,0.0,0.0,0.0,0.0,0.0
S010,S007,0.0,0.0,0.0,0.0,0.0
S010,S008,0.0,0.0,0.0,0.0,0.0
S010,S009,0.0,0.0,0.0,0.0,0.0
S010,S011,0.0,0.0,0.0,0.0,0.0
S010,S012,0.0,0.0,0.0,0.0,0.0
S010,S013,0.0,0.0,0.0,0.0,0.0
S010,S014,0.0,0.0,0.0,0.0,0.0
S010,S015,0.0,0.0,0.0,0.0,0.0
S011,O01,0.0,0.0,0.0,0.0,0.0
S011,S001,0.0,0.0,0.0,0.0,0.0
S011,S002,0.0,0.0,0.0,0.0,0.0
S011,S003,0.0,0.0,0.0,0.0,0.0
S011,S004,0.0,0.0,0.0,0.0,0.0
S011,S005,0.0,0.0,0.0,0.0,0.0
S011,S006,0.0,0.0,0.0,0.0,0.0
S011,S007,0.0,0.0,0.0,0.0,0.0
S011,S008,0.0,0.0,0.0,0.0,0.0
S011,S009,0.0,0.0,0.0,0.0,0.0
S011,S010,0.0,0.0,0.0,0.0,0.0
S011,S012,0.0,0.0,0.0,0.0,0.0
S011,S013,0.0,0.0,0.0,0.0,0.0
S011,S014,0.0,0.0,0.0,0.0,0.0
S011,S015,0.0,0.0,0.0,0.0,0.0
S012,O01,0.0,0.0,0.0,0.0,0.0
S012,S001,0.0,0.0,0.0,0.0,0.0
S012,S002,0.0,0.0,0.0,0.0,0.0
S012,S003,0.0,0.0,0.0,0.0,0.0
S012,S004,0.0,0.0,0.0,0.0,0.0
S012,S005,0.0,0.0,0.0,0.0,0.0
S012,S006,0.0,0.0,0.0,0.0,0.0
S012,S007,0.0,0.0,0.0,0.0,0.0
S012,S008,0.0,0.0,0.0,0.0,0.0
S012,S009,0.0,0.0,0.0,0.0,0.0
S012,S010,0.0,0.0,0.0,0.0,0.0
S012,S011,0.0,0.0,0.0,0.0,0.0
S012,S013,0.0,0.0,0.0,0.0,0.0
S012,S014,0.0,0.0,0.0,0.0,0.0
S012,S015,0.0,0.0,0.0,0.0,0.0
S013,O01,0.0,0.0,0.0,0.0,0.0
S013,S001,0.0,0.0,0.0,0.0,0.0
S013,S002,0.0,0.0,0.0,0.0,0.0
S013,S003,0.0,0.0,0.0,0.0,0.0
S013,S004,0.0,0.0,0.0,0.0,0.0
S013,S005,0.0,0.0,0.0,0.0,0.0
S013,S006,0.0,0.0,0.0,0.0,0.0
S013,S007,0.0,0.0,0.0,0.0,0.0
S013,S008,0.0,0.0,0.0,0.0,0.0
S013,S009,0.0,0.0,0.0,0.0,0.0
S013,S010,0.0,0.0,0.0,0.0,0.0
S013,S011,0.0,0.0,0.0,0.0,0.0
S013,S012,0.0,0.0,0.0,0.0,0.0
S013,S014,0.0,0.0,0.0,0.0,0.0
S013,S015,0.0,0.0,0.0,0.0,0.0
S014,O01,0.0,0.0,0.0,0.0,0.0
S014,S001,0.0,0.0,0.0,0.0,0.0
S014,S002,0.0,0.0,0.0,0.0,0.0
S014,S003,0.0,0.0,0.0,0.0,0.0
S014,S004,0.0,0.0,0.0,0.0,0.0
S014,S005,0.0,0.0,0.0,0.0,0.0
S014,S006,0.0,0.0,0.0,0.0,0.0
S014,S007,0.0,0.0,0.0,0.0,0.0
S014,S008,0.0,0.0,0.0,0.0,0.0
S014,S009,0.0,0.0,0.0,0.0,0.0
S014,S010,0.0,0.0,0.0,0.0,0.0
S014,S011,0.0,0.0,0.0,0.0,0.0
S014,S012,0.0,0.0,0.0,0.0,0.0
S014,S013,0.0,0.0,0.0,0.0,0.0
S014,S015,0.0,0.0,0.0,0.0,0.0
S015,O01,0.0,0.0,0.0,0.0,0.0
S015,S001,0.0,0.0,0.0,0.0,0.0
S015,S002,0.0,0.0,0.0,0.0,0.0
S015,S003,0.0,0.0,0.0,0.0,0.0
S015,S004,0.0,0.0,0.0,0.0,0.0
S015,S005,0.0,0.0,0.0,0.0,0.0
S015,S006,0.0,0.0,0.0,0.0,0.0
S015,S007,0.0,0.0,0.0,0.0,0.0
S015,S008,0.0,0.0,0.0,0.0,0.0
S015,S009,0.0,0.0,0.0,0.0,0.0
S015,S010,0.0,0.0,0.0,0.0,0.0
S015,S011,0.0,0.0,0.0,0.0,0.0
S015,S012,0.0,0.0,0.0,0.0,0.0
S015,S013,0.0,0.0,0.0,0.0,0.0
S015,S014,0.0,0.0,0.0,0.0,0.0
