time_s,trip_id,drone_id,x_m,y_m,z_m,phase,flight_phase,direct_ok,R01_serving,R01_access,R01_backhaul,R02_serving,R02_access,R02_backhaul,reason
4175.392351884103,T011,U07,319529.0,2553224.7,239.3,descent,descent,False,True,False,True,True,False,True,direct_fail;R01_access_fail;R02_access_fail
4176.392351884103,T011,U07,319529.0,2553224.7,237.3,descent,descent,False,True,False,True,True,False,True,direct_fail;R01_access_fail;R02_access_fail
4177.392351884103,T011,U07,319529.0,2553224.7,235.3,descent,descent,False,True,False,True,True,False,True,direct_fail;R01_access_fail;R02_access_fail
4178.392351884103,T011,U07,319529.0,2553224.7,233.3,descent,descent,False,True,False,True,True,False,True,direct_fail;R01_access_fail;R02_access_fail
4179.392351884103,T011,U07,319529.0,2553224.7,231.3,descent,descent,False,True,False,True,True,False,True,direct_fail;R01_access_fail;R02_access_fail
4180.392351884103,T011,U07,319529.0,2553224.7,229.3,descent,descent,False,True,False,True,True,False,True,direct_fail;R01_access_fail;R02_access_fail
4181.392351884103,T011,U07,319529.0,2553224.7,228.3,handover,handover,False,True,False,True,True,False,True,direct_fail;R01_access_fail;R02_access_fail
4182.392351884103,T011,U07,319529.0,2553224.7,228.3,handover,handover,False,True,False,True,True,False,True,direct_fail;R01_access_fail;R02_access_fail
4183.392351884103,T011,U07,319529.0,2553224.7,228.3,handover,handover,False,True,False,True,True,False,True,direct_fail;R01_access_fail;R02_access_fail
4184.392351884103,T011,U07,319529.0,2553224.7,228.3,handover,handover,False,True,False,True,True,False,True,direct_fail;R01_access_fail;R02_access_fail
4185.392351884103,T011,U07,319529.0,2553224.7,228.3,handover,handover,False,True,False,True,True,False,True,direct_fail;R01_access_fail;R02_access_fail
4186.392351884103,T011,U07,319529.0,2553224.7,228.3,handover,handover,False,True,False,True,True,False,True,direct_fail;R01_access_fail;R02_access_fail
4187.392351884103,T011,U07,319529.0,2553224.7,228.3,handover,handover,False,True,False,True,True,False,True,direct_fail;R01_access_fail;R02_access_fail
4188.392351884103,T011,U07,319529.0,2553224.7,228.3,handover,handover,False,True,False,True,True,False,True,direct_fail;R01_access_fail;R02_access_fail
4189.392351884103,T011,U07,319529.0,2553224.7,228.3,handover,handover,False,True,False,True,True,False,True,direct_fail;R01_access_fail;R02_access_fail
4190.392351884103,T011,U07,319529.0,2553224.7,228.3,handover,handover,False,True,False,True,True,False,True,direct_fail;R01_access_fail;R02_access_fail
4191.392351884103,T011,U07,319529.0,2553224.7,228.3,handover,handover,False,True,False,True,True,False,True,direct_fail;R01_access_fail;R02_access_fail
4192.392351884103,T011,U07,319529.0,2553224.7,228.3,handover,handover,False,True,False,True,True,False,True,direct_fail;R01_access_fail;R02_access_fail
4193.392351884103,T011,U07,319529.0,2553224.7,228.3,handover,handover,False,True,False,True,True,False,True,direct_fail;R01_access_fail;R02_access_fail
4194.392351884103,T011,U07,319529.0,2553224.7,228.3,handover,handover,False,True,False,True,True,False,True,direct_fail;R01_access_fail;R02_access_fail
4195.392351884103,T011,U07,319529.0,2553224.7,228.3,handover,handover,False,True,False,True,True,False,True,direct_fail;R01_access_fail;R02_access_fail
4196.392351884103,T011,U07,319529.0,2553224.7,228.3,handover,handover,False,True,False,True,True,False,True,direct_fail;R01_access_fail;R02_access_fail
4197.392351884103,T011,U07,319529.0,2553224.7,228.3,handover,handover,False,True,False,True,True,False,True,direct_fail;R01_access_fail;R02_access_fail
4198.392351884103,T011,U07,319529.0,2553224.7,228.3,handover,handover,False,True,False,True,True,False,True,direct_fail;R01_access_fail;R02_access_fail
4199.392351884103,T011,U07,319529.0,2553224.7,228.3,handover,handover,False,True,False,True,True,False,True,direct_fail;R01_access_fail;R02_access_fail
4200.392351884103,T011,U07,319529.0,2553224.7,228.3,handover,handover,False,True,False,True,True,False,True,direct_fail;R01_access_fail;R02_access_fail
4201.392351884103,T011,U07,319529.0,2553224.7,228.3,handover,handover,False,True,False,True,True,False,True,direct_fail;R01_access_fail;R02_access_fail
4202.392351884103,T011,U07,319529.0,2553224.7,228.3,handover,handover,False,True,False,True,True,False,True,direct_fail;R01_access_fail;R02_access_fail
4203.392351884103,T011,U07,319529.0,2553224.7,228.3,handover,handover,False,True,False,True,True,False,True,direct_fail;R01_access_fail;R02_access_fail
4204.392351884103,T011,U07,319529.0,2553224.7,228.3,handover,handover,False,True,False,True,True,False,True,direct_fail;R01_access_fail;R02_access_fail
4205.392351884103,T011,U07,319529.0,2553224.7,228.3,handover,handover,False,True,False,True,True,False,True,direct_fail;R01_access_fail;R02_access_fail
4206.392351884103,T011,U07,319529.0,2553224.7,228.3,handover,handover,False,True,False,True,True,False,True,direct_fail;R01_access_fail;R02_access_fail
4207.392351884103,T011,U07,319529.0,2553224.7,228.3,handover,handover,False,True,False,True,True,False,True,direct_fail;R01_access_fail;R02_access_fail
4208.392351884103,T011,U07,319529.0,2553224.7,228.3,handover,handover,False,True,False,True,True,False,True,direct_fail;R01_access_fail;R02_access_fail
4209.392351884103,T011,U07,319529.0,2553224.7,228.3,handover,handover,False,True,False,True,True,False,True,direct_fail;R01_access_fail;R02_access_fail
4210.392351884103,T011,U07,319529.0,2553224.7,228.3,handover,handover,False,True,False,True,True,False,True,direct_fail;R01_access_fail;R02_access_fail
4211.392351884103,T011,U07,319529.0,2553224.7,228.3,handover,handover,False,True,False,True,True,False,True,direct_fail;R01_access_fail;R02_access_fail
4212.392351884103,T011,U07,319529.0,2553224.7,228.3,handover,handover,False,True,False,True,True,False,True,direct_fail;R01_access_fail;R02_access_fail
4213.392351884103,T011,U07,319529.0,2553224.7,228.3,handover,handover,False,True,False,True,True,False,True,direct_fail;R01_access_fail;R02_access_fail
4214.392351884103,T011,U07,319529.0,2553224.7,228.3,handover,handover,False,True,False,True,True,False,True,direct_fail;R01_access_fail;R02_access_fail
4215.392351884103,T011,U07,319529.0,2553224.7,228.3,handover,handover,False,True,False,True,True,False,True,direct_fail;R01_access_fail;R02_access_fail
4216.392351884103,T011,U07,319529.0,2553224.7,228.3,handover,handover,False,True,False,True,True,False,True,direct_fail;R01_access_fail;R02_access_fail
4217.392351884103,T011,U07,319529.0,2553224.7,228.3,handover,handover,False,True,False,True,True,False,True,direct_fail;R01_access_fail;R02_access_fail
4218.392351884103,T011,U07,319529.0,2553224.7,228.3,handover,handover,False,True,False,True,True,False,True,direct_fail;R01_access_fail;R02_access_fail
4219.392351884103,T011,U07,319529.0,2553224.7,228.3,handover,handover,False,True,False,True,True,False,True,direct_fail;R01_access_fail;R02_access_fail
4220.392351884103,T011,U07,319529.0,2553224.7,228.3,handover,handover,False,True,False,True,True,False,True,direct_fail;R01_access_fail;R02_access_fail
4221.392351884103,T011,U07,319529.0,2553224.7,228.3,handover,handover,False,True,False,True,True,False,True,direct_fail;R01_access_fail;R02_access_fail
4222.392351884103,T011,U07,319529.0,2553224.7,228.3,handover,handover,False,True,False,True,True,False,True,direct_fail;R01_access_fail;R02_access_fail
4223.392351884103,T011,U07,319529.0,2553224.7,228.3,handover,handover,False,True,False,True,True,False,True,direct_fail;R01_access_fail;R02_access_fail
4224.392351884103,T011,U07,319529.0,2553224.7,228.3,handover,handover,False,True,False,True,True,False,True,direct_fail;R01_access_fail;R02_access_fail
4225.392351884103,T011,U07,319529.0,2553224.7,228.3,handover,handover,False,True,False,True,True,False,True,direct_fail;R01_access_fail;R02_access_fail
4226.392351884103,T011,U07,319529.0,2553224.7,228.3,handover,handover,False,True,False,True,True,False,True,direct_fail;R01_access_fail;R02_access_fail
4227.392351884103,T011,U07,319529.0,2553224.7,228.3,handover,handover,False,True,False,True,True,False,True,direct_fail;R01_access_fail;R02_access_fail
4228.392351884103,T011,U07,319529.0,2553224.7,228.3,handover,handover,False,True,False,True,True,False,True,direct_fail;R01_access_fail;R02_access_fail
4229.392351884103,T011,U07,319529.0,2553224.7,228.3,handover,handover,False,True,False,True,True,False,True,direct_fail;R01_access_fail;R02_access_fail
4230.392351884103,T011,U07,319529.0,2553224.7,228.3,handover,handover,False,True,False,True,True,False,True,direct_fail;R01_access_fail;R02_access_fail
4231.392351884103,T011,U07,319529.0,2553224.7,228.3,handover,handover,False,True,False,True,True,False,True,direct_fail;R01_access_fail;R02_access_fail
4232.392351884103,T011,U07,319529.0,2553224.7,228.3,handover,handover,False,True,False,True,True,False,True,direct_fail;R01_access_fail;R02_access_fail
4233.392351884103,T011,U07,319529.0,2553224.7,228.3,handover,handover,False,True,False,True,True,False,True,direct_fail;R01_access_fail;R02_access_fail
4234.392351884103,T011,U07,319529.0,2553224.7,228.3,handover,handover,False,True,False,True,True,False,True,direct_fail;R01_access_fail;R02_access_fail
4235.392351884103,T011,U07,319529.0,2553224.7,228.3,handover,handover,False,True,False,True,True,False,True,direct_fail;R01_access_fail;R02_access_fail
4236.392351884103,T011,U07,319529.0,2553224.7,228.3,handover,handover,False,True,False,True,True,False,True,direct_fail;R01_access_fail;R02_access_fail
4237.392351884103,T011,U07,319529.0,2553224.7,228.3,handover,handover,False,True,False,True,True,False,True,direct_fail;R01_access_fail;R02_access_fail
4238.392351884103,T011,U07,319529.0,2553224.7,228.3,handover,handover,False,True,False,True,True,False,True,direct_fail;R01_access_fail;R02_access_fail
4239.392351884103,T011,U07,319529.0,2553224.7,228.3,handover,handover,False,True,False,True,True,False,True,direct_fail;R01_access_fail;R02_access_fail
4240.392351884103,T011,U07,319529.0,2553224.7,228.3,handover,handover,False,True,False,True,True,False,True,direct_fail;R01_access_fail;R02_access_fail
4241.392351884103,T011,U07,319529.0,2553224.7,228.3,handover,handover,False,True,False,True,True,False,True,direct_fail;R01_access_fail;R02_access_fail
4242.392351884103,T011,U07,319529.0,2553224.7,228.3,handover,handover,False,True,False,True,True,False,True,direct_fail;R01_access_fail;R02_access_fail
4243.392351884103,T011,U07,319529.0,2553224.7,228.3,handover,handover,False,True,False,True,True,False,True,direct_fail;R01_access_fail;R02_access_fail
4244.392351884103,T011,U07,319529.0,2553224.7,228.3,handover,handover,False,True,False,True,True,False,True,direct_fail;R01_access_fail;R02_access_fail
4245.392351884103,T011,U07,319529.0,2553224.7,228.3,handover,handover,False,True,False,True,True,False,True,direct_fail;R01_access_fail;R02_access_fail
4246.392351884103,T011,U07,319529.0,2553224.7,228.3,handover,handover,False,True,False,True,True,False,True,direct_fail;R01_access_fail;R02_access_fail
4247.392351884103,T011,U07,319529.0,2553224.7,228.3,handover,handover,False,True,False,True,True,False,True,direct_fail;R01_access_fail;R02_access_fail
4248.392351884103,T011,U07,319529.0,2553224.7,228.3,handover,handover,False,True,False,True,True,False,True,direct_fail;R01_access_fail;R02_access_fail
4249.392351884103,T011,U07,319529.0,2553224.7,228.3,handover,handover,False,True,False,True,True,False,True,direct_fail;R01_access_fail;R02_access_fail
4250.392351884103,T011,U07,319529.0,2553224.7,228.3,handover,handover,False,True,False,True,True,False,True,direct_fail;R01_access_fail;R02_access_fail
4251.392351884103,T011,U07,319529.0,2553224.7,228.3,handover,handover,False,True,False,True,True,False,True,direct_fail;R01_access_fail;R02_access_fail
4252.392351884103,T011,U07,319529.0,2553224.7,228.3,handover,handover,False,True,False,True,True,False,True,direct_fail;R01_access_fail;R02_access_fail
4253.392351884103,T011,U07,319529.0,2553224.7,228.3,handover,handover,False,True,False,True,True,False,True,direct_fail;R01_access_fail;R02_access_fail
4254.392351884103,T011,U07,319529.0,2553224.7,228.3,handover,handover,False,True,False,True,True,False,True,direct_fail;R01_access_fail;R02_access_fail
4255.392351884103,T011,U07,319529.0,2553224.7,228.3,handover,handover,False,True,False,True,True,False,True,direct_fail;R01_access_fail;R02_access_fail
4256.392351884103,T011,U07,319529.0,2553224.7,228.3,handover,handover,False,True,False,True,True,False,True,direct_fail;R01_access_fail;R02_access_fail
4257.392351884103,T011,U07,319529.0,2553224.7,228.3,handover,handover,False,True,False,True,True,False,True,direct_fail;R01_access_fail;R02_access_fail
4258.392351884103,T011,U07,319529.0,2553224.7,228.3,handover,handover,False,True,False,True,True,False,True,direct_fail;R01_access_fail;R02_access_fail
4259.392351884103,T011,U07,319529.0,2553224.7,228.3,handover,handover,False,True,False,True,True,False,True,direct_fail;R01_access_fail;R02_access_fail
4260.392351884103,T011,U07,319529.0,2553224.7,228.3,handover,handover,False,True,False,True,True,False,True,direct_fail;R01_access_fail;R02_access_fail
4261.392351884103,T011,U07,319529.0,2553224.7,228.3,handover,handover,False,True,False,True,True,False,True,direct_fail;R01_access_fail;R02_access_fail
4262.392351884103,T011,U07,319529.0,2553224.7,228.3,handover,handover,False,True,False,True,True,False,True,direct_fail;R01_access_fail;R02_access_fail
4263.392351884103,T011,U07,319529.0,2553224.7,228.3,handover,handover,False,True,False,True,True,False,True,direct_fail;R01_access_fail;R02_access_fail
4264.392351884103,T011,U07,319529.0,2553224.7,228.3,handover,handover,False,True,False,True,True,False,True,direct_fail;R01_access_fail;R02_access_fail
4265.392351884103,T011,U07,319529.0,2553224.7,228.3,handover,handover,False,True,False,True,True,False,True,direct_fail;R01_access_fail;R02_access_fail
4266.392351884103,T011,U07,319529.0,2553224.7,228.3,handover,handover,False,True,False,True,True,False,True,direct_fail;R01_access_fail;R02_access_fail
4267.392351884103,T011,U07,319529.0,2553224.7,228.3,handover,handover,False,True,False,True,True,False,True,direct_fail;R01_access_fail;R02_access_fail
4268.392351884103,T011,U07,319529.0,2553224.7,228.3,handover,handover,False,True,False,True,True,False,True,direct_fail;R01_access_fail;R02_access_fail
4269.392351884103,T011,U07,319529.0,2553224.7,228.3,handover,handover,False,True,False,True,True,False,True,direct_fail;R01_access_fail;R02_access_fail
4270.392351884103,T011,U07,319529.0,2553224.7,228.3,handover,handover,False,True,False,True,True,False,True,direct_fail;R01_access_fail;R02_access_fail
4271.392351884103,T011,U07,319529.0,2553224.7,228.3,handover,handover,False,True,False,True,True,False,True,direct_fail;R01_access_fail;R02_access_fail
4272.392351884103,T011,U07,319529.0,2553224.7,228.3,handover,handover,False,True,False,True,True,False,True,direct_fail;R01_access_fail;R02_access_fail
4273.392351884103,T011,U07,319529.0,2553224.7,228.3,handover,handover,False,True,False,True,True,False,True,direct_fail;R01_access_fail;R02_access_fail
4274.392351884103,T011,U07,319529.0,2553224.7,228.3,handover,handover,False,True,False,True,True,False,True,direct_fail;R01_access_fail;R02_access_fail
4275.392351884103,T011,U07,319529.0,2553224.7,228.3,handover,handover,False,True,False,True,True,False,True,direct_fail;R01_access_fail;R02_access_fail
4276.392351884103,T011,U07,319529.0,2553224.7,228.3,handover,handover,False,True,False,True,True,False,True,direct_fail;R01_access_fail;R02_access_fail
4277.392351884103,T011,U07,319529.0,2553224.7,228.3,handover,handover,False,True,False,True,True,False,True,direct_fail;R01_access_fail;R02_access_fail
4278.392351884103,T011,U07,319529.0,2553224.7,228.3,handover,handover,False,True,False,True,True,False,True,direct_fail;R01_access_fail;R02_access_fail
4279.392351884103,T011,U07,319529.0,2553224.7,228.3,handover,handover,False,True,False,True,True,False,True,direct_fail;R01_access_fail;R02_access_fail
4280.392351884103,T011,U07,319529.0,2553224.7,228.3,handover,handover,False,True,False,True,True,False,True,direct_fail;R01_access_fail;R02_access_fail
4281.392351884103,T011,U07,319529.0,2553224.7,228.3,handover,handover,False,True,False,True,True,False,True,direct_fail;R01_access_fail;R02_access_fail
4282.392351884103,T011,U07,319529.0,2553224.7,228.3,handover,handover,False,True,False,True,True,False,True,direct_fail;R01_access_fail;R02_access_fail
4283.392351884103,T011,U07,319529.0,2553224.7,228.3,handover,handover,False,True,False,True,True,False,True,direct_fail;R01_access_fail;R02_access_fail
4284.392351884103,T011,U07,319529.0,2553224.7,228.3,handover,handover,False,True,False,True,True,False,True,direct_fail;R01_access_fail;R02_access_fail
4285.392351884103,T011,U07,319529.0,2553224.7,228.3,handover,handover,False,True,False,True,True,False,True,direct_fail;R01_access_fail;R02_access_fail
4286.392351884103,T011,U07,319529.0,2553224.7,228.3,handover,handover,False,True,False,True,True,False,True,direct_fail;R01_access_fail;R02_access_fail
4287.392351884103,T011,U07,319529.0,2553224.7,228.3,handover,handover,False,True,False,True,True,False,True,direct_fail;R01_access_fail;R02_access_fail
4288.392351884103,T011,U07,319529.0,2553224.7,228.3,handover,handover,False,True,False,True,True,False,True,direct_fail;R01_access_fail;R02_access_fail
4289.392351884103,T011,U07,319529.0,2553224.7,228.3,handover,handover,False,True,False,True,True,False,True,direct_fail;R01_access_fail;R02_access_fail
4290.392351884103,T011,U07,319529.0,2553224.7,228.3,handover,handover,False,True,False,True,True,False,True,direct_fail;R01_access_fail;R02_access_fail
4291.392351884103,T011,U07,319529.0,2553224.7,228.3,handover,handover,False,True,False,True,True,False,True,direct_fail;R01_access_fail;R02_access_fail
4292.392351884103,T011,U07,319529.0,2553224.7,228.3,handover,handover,False,True,False,True,True,False,True,direct_fail;R01_access_fail;R02_access_fail
4293.392351884103,T011,U07,319529.0,2553224.7,228.3,handover,handover,False,True,False,True,True,False,True,direct_fail;R01_access_fail;R02_access_fail
4294.392351884103,T011,U07,319529.0,2553224.7,228.3,handover,handover,False,True,False,True,True,False,True,direct_fail;R01_access_fail;R02_access_fail
4295.392351884103,T011,U07,319529.0,2553224.7,228.3,handover,handover,False,True,False,True,True,False,True,direct_fail;R01_access_fail;R02_access_fail
4296.392351884103,T011,U07,319529.0,2553224.7,228.3,handover,handover,False,True,False,True,True,False,True,direct_fail;R01_access_fail;R02_access_fail
4297.392351884103,T011,U07,319529.0,2553224.7,228.3,handover,handover,False,True,False,True,True,False,True,direct_fail;R01_access_fail;R02_access_fail
4298.392351884103,T011,U07,319529.0,2553224.7,228.3,handover,handover,False,True,False,True,True,False,True,direct_fail;R01_access_fail;R02_access_fail
4299.392351884103,T011,U07,319529.0,2553224.7,228.3,handover,handover,False,True,False,True,True,False,True,direct_fail;R01_access_fail;R02_access_fail
4300.392351884103,T011,U07,319529.0,2553224.7,228.3,handover,handover,False,True,False,True,True,False,True,direct_fail;R01_access_fail;R02_access_fail
4301.392351884103,T011,U07,319529.0,2553224.7,228.3,handover,handover,False,True,False,True,True,False,True,direct_fail;R01_access_fail;R02_access_fail
4302.392351884103,T011,U07,319529.0,2553224.7,228.3,handover,handover,False,True,False,True,True,False,True,direct_fail;R01_access_fail;R02_access_fail
4303.392351884103,T011,U07,319529.0,2553224.7,228.3,handover,handover,False,True,False,True,True,False,True,direct_fail;R01_access_fail;R02_access_fail
4304.392351884103,T011,U07,319529.0,2553224.7,228.3,handover,handover,False,True,False,True,True,False,True,direct_fail;R01_access_fail;R02_access_fail
4305.392351884103,T011,U07,319529.0,2553224.7,228.3,handover,handover,False,True,False,True,True,False,True,direct_fail;R01_access_fail;R02_access_fail
4306.392351884103,T011,U07,319529.0,2553224.7,228.3,handover,handover,False,True,False,True,True,False,True,direct_fail;R01_access_fail;R02_access_fail
4307.392351884103,T011,U07,319529.0,2553224.7,228.3,handover,handover,False,True,False,True,True,False,True,direct_fail;R01_access_fail;R02_access_fail
4308.392351884103,T011,U07,319529.0,2553224.7,228.3,handover,handover,False,True,False,True,True,False,True,direct_fail;R01_access_fail;R02_access_fail
4309.392351884103,T011,U07,319529.0,2553224.7,228.3,handover,handover,False,True,False,True,True,False,True,direct_fail;R01_access_fail;R02_access_fail
4310.392351884103,T011,U07,319529.0,2553224.7,228.3,handover,handover,False,True,False,True,True,False,True,direct_fail;R01_access_fail;R02_access_fail
4311.392351884103,T011,U07,319529.0,2553224.7,228.3,handover,handover,False,True,False,True,True,False,True,direct_fail;R01_access_fail;R02_access_fail
4312.392351884103,T011,U07,319529.0,2553224.7,228.3,handover,handover,False,True,False,True,True,False,True,direct_fail;R01_access_fail;R02_access_fail
4313.392351884103,T011,U07,319529.0,2553224.7,228.3,handover,handover,False,True,False,True,True,False,True,direct_fail;R01_access_fail;R02_access_fail
4314.392351884103,T011,U07,319529.0,2553224.7,228.3,handover,handover,False,True,False,True,True,False,True,direct_fail;R01_access_fail;R02_access_fail
4315.392351884103,T011,U07,319529.0,2553224.7,228.3,handover,handover,False,True,False,True,True,False,True,direct_fail;R01_access_fail;R02_access_fail
4316.392351884103,T011,U07,319529.0,2553224.7,228.3,handover,handover,False,True,False,True,True,False,True,direct_fail;R01_access_fail;R02_access_fail
4317.392351884103,T011,U07,319529.0,2553224.7,228.3,handover,handover,False,True,False,True,True,False,True,direct_fail;R01_access_fail;R02_access_fail
4318.392351884103,T011,U07,319529.0,2553224.7,228.3,handover,handover,False,True,False,True,True,False,True,direct_fail;R01_access_fail;R02_access_fail
4319.392351884103,T011,U07,319529.0,2553224.7,228.3,handover,handover,False,True,False,True,True,False,True,direct_fail;R01_access_fail;R02_access_fail
4320.392351884103,T011,U07,319529.0,2553224.7,228.3,handover,handover,False,True,False,True,True,False,True,direct_fail;R01_access_fail;R02_access_fail
4321.392351884103,T011,U07,319529.0,2553224.7,228.3,handover,handover,False,True,False,True,True,False,True,direct_fail;R01_access_fail;R02_access_fail
4322.392351884103,T011,U07,319529.0,2553224.7,228.3,handover,handover,False,True,False,True,True,False,True,direct_fail;R01_access_fail;R02_access_fail
4323.392351884103,T011,U07,319529.0,2553224.7,228.3,handover,handover,False,True,False,True,True,False,True,direct_fail;R01_access_fail;R02_access_fail
4324.392351884103,T011,U07,319529.0,2553224.7,228.3,handover,handover,False,True,False,True,True,False,True,direct_fail;R01_access_fail;R02_access_fail
4325.392351884103,T011,U07,319529.0,2553224.7,228.3,handover,handover,False,True,False,True,True,False,True,direct_fail;R01_access_fail;R02_access_fail
4326.392351884103,T011,U07,319529.0,2553224.7,228.3,handover,handover,False,True,False,True,True,False,True,direct_fail;R01_access_fail;R02_access_fail
4327.392351884103,T011,U07,319529.0,2553224.7,228.3,handover,handover,False,True,False,True,True,False,True,direct_fail;R01_access_fail;R02_access_fail
4328.392351884103,T011,U07,319529.0,2553224.7,228.3,handover,handover,False,True,False,True,True,False,True,direct_fail;R01_access_fail;R02_access_fail
4329.392351884103,T011,U07,319529.0,2553224.7,228.3,handover,handover,False,True,False,True,True,False,True,direct_fail;R01_access_fail;R02_access_fail
4330.392351884103,T011,U07,319529.0,2553224.7,228.3,handover,handover,False,True,False,True,True,False,True,direct_fail;R01_access_fail;R02_access_fail
4331.392351884103,T011,U07,319529.0,2553224.7,228.3,handover,handover,False,True,False,True,True,False,True,direct_fail;R01_access_fail;R02_access_fail
4332.392351884103,T011,U07,319529.0,2553224.7,228.3,handover,handover,False,True,False,True,True,False,True,direct_fail;R01_access_fail;R02_access_fail
4333.392351884103,T011,U07,319529.0,2553224.7,228.3,handover,handover,False,True,False,True,True,False,True,direct_fail;R01_access_fail;R02_access_fail
4334.392351884103,T011,U07,319529.0,2553224.7,228.3,handover,handover,False,True,False,True,True,False,True,direct_fail;R01_access_fail;R02_access_fail
4335.392351884103,T011,U07,319529.0,2553224.7,228.3,handover,handover,False,True,False,True,True,False,True,direct_fail;R01_access_fail;R02_access_fail
4336.392351884103,T011,U07,319529.0,2553224.7,228.3,handover,handover,False,True,False,True,True,False,True,direct_fail;R01_access_fail;R02_access_fail
4337.392351884103,T011,U07,319529.0,2553224.7,228.3,handover,handover,False,True,False,True,True,False,True,direct_fail;R01_access_fail;R02_access_fail
4338.392351884103,T011,U07,319529.0,2553224.7,228.3,handover,handover,False,True,False,True,True,False,True,direct_fail;R01_access_fail;R02_access_fail
4339.392351884103,T011,U07,319529.0,2553224.7,228.3,handover,handover,False,True,False,True,True,False,True,direct_fail;R01_access_fail;R02_access_fail
4340.392351884103,T011,U07,319529.0,2553224.7,228.3,handover,handover,False,True,False,True,True,False,True,direct_fail;R01_access_fail;R02_access_fail
4341.392351884103,T011,U07,319529.0,2553224.7,228.3,handover,handover,False,True,False,True,True,False,True,direct_fail;R01_access_fail;R02_access_fail
4342.392351884103,T011,U07,319529.0,2553224.7,228.3,handover,handover,False,True,False,True,True,False,True,direct_fail;R01_access_fail;R02_access_fail
4343.392351884103,T011,U07,319529.0,2553224.7,228.3,handover,handover,False,True,False,True,True,False,True,direct_fail;R01_access_fail;R02_access_fail
4344.392351884103,T011,U07,319529.0,2553224.7,228.3,handover,handover,False,True,False,True,True,False,True,direct_fail;R01_access_fail;R02_access_fail
4345.392351884103,T011,U07,319529.0,2553224.7,228.3,handover,handover,False,True,False,True,True,False,True,direct_fail;R01_access_fail;R02_access_fail
4346.392351884103,T011,U07,319529.0,2553224.7,228.3,handover,handover,False,True,False,True,True,False,True,direct_fail;R01_access_fail;R02_access_fail
4347.392351884103,T011,U07,319529.0,2553224.7,228.3,handover,handover,False,True,False,True,True,False,True,direct_fail;R01_access_fail;R02_access_fail
4348.392351884103,T011,U07,319529.0,2553224.7,228.3,handover,handover,False,True,False,True,True,False,True,direct_fail;R01_access_fail;R02_access_fail
4349.392351884103,T011,U07,319529.0,2553224.7,228.3,handover,handover,False,True,False,True,True,False,True,direct_fail;R01_access_fail;R02_access_fail
4350.392351884103,T011,U07,319529.0,2553224.7,228.3,handover,handover,False,True,False,True,True,False,True,direct_fail;R01_access_fail;R02_access_fail
4351.392351884103,T011,U07,319529.0,2553224.7,228.3,handover,handover,False,True,False,True,True,False,True,direct_fail;R01_access_fail;R02_access_fail
4352.392351884103,T011,U07,319529.0,2553224.7,228.3,handover,handover,False,True,False,True,True,False,True,direct_fail;R01_access_fail;R02_access_fail
4353.392351884103,T011,U07,319529.0,2553224.7,228.3,handover,handover,False,True,False,True,True,False,True,direct_fail;R01_access_fail;R02_access_fail
4354.392351884103,T011,U07,319529.0,2553224.7,228.3,handover,handover,False,True,False,True,True,False,True,direct_fail;R01_access_fail;R02_access_fail
4355.392351884103,T011,U07,319529.0,2553224.7,228.3,handover,handover,False,True,False,True,True,False,True,direct_fail;R01_access_fail;R02_access_fail
4356.392351884103,T011,U07,319529.0,2553224.7,228.3,handover,handover,False,True,False,True,True,False,True,direct_fail;R01_access_fail;R02_access_fail
4357.392351884103,T011,U07,319529.0,2553224.7,228.3,handover,handover,False,True,False,True,True,False,True,direct_fail;R01_access_fail;R02_access_fail
4358.392351884103,T011,U07,319529.0,2553224.7,228.3,handover,handover,False,True,False,True,True,False,True,direct_fail;R01_access_fail;R02_access_fail
4359.392351884103,T011,U07,319529.0,2553224.7,228.3,handover,handover,False,True,False,True,True,False,True,direct_fail;R01_access_fail;R02_access_fail
4360.392351884103,T011,U07,319529.0,2553224.7,228.3,handover,handover,False,True,False,True,True,False,True,direct_fail;R01_access_fail;R02_access_fail
4361.392351884103,T011,U07,319529.0,2553224.7,228.3,handover,handover,False,True,False,True,True,False,True,direct_fail;R01_access_fail;R02_access_fail
4362.392351884103,T011,U07,319529.0,2553224.7,228.3,handover,handover,False,True,False,True,True,False,True,direct_fail;R01_access_fail;R02_access_fail
4363.392351884103,T011,U07,319529.0,2553224.7,228.3,handover,handover,False,True,False,True,True,False,True,direct_fail;R01_access_fail;R02_access_fail
4364.392351884103,T011,U07,319529.0,2553224.7,228.3,handover,handover,False,True,False,True,True,False,True,direct_fail;R01_access_fail;R02_access_fail
4365.392351884103,T011,U07,319529.0,2553224.7,228.3,handover,handover,False,True,False,True,True,False,True,direct_fail;R01_access_fail;R02_access_fail
4366.392351884103,T011,U07,319529.0,2553224.7,228.3,handover,handover,False,True,False,True,True,False,True,direct_fail;R01_access_fail;R02_access_fail
4367.392351884103,T011,U07,319529.0,2553224.7,228.3,handover,handover,False,True,False,True,True,False,True,direct_fail;R01_access_fail;R02_access_fail
4368.392351884103,T011,U07,319529.0,2553224.7,228.3,handover,handover,False,True,False,True,True,False,True,direct_fail;R01_access_fail;R02_access_fail
4369.392351884103,T011,U07,319529.0,2553224.7,228.3,handover,handover,False,True,False,True,True,False,True,direct_fail;R01_access_fail;R02_access_fail
4370.392351884103,T011,U07,319529.0,2553224.7,228.3,handover,handover,False,True,False,True,True,False,True,direct_fail;R01_access_fail;R02_access_fail
4371.392351884103,T011,U07,319529.0,2553224.7,228.3,handover,handover,False,True,False,True,True,False,True,direct_fail;R01_access_fail;R02_access_fail
4372.392351884103,T011,U07,319529.0,2553224.7,228.3,handover,handover,False,True,False,True,True,False,True,direct_fail;R01_access_fail;R02_access_fail
4373.392351884103,T011,U07,319529.0,2553224.7,228.3,handover,handover,False,True,False,True,True,False,True,direct_fail;R01_access_fail;R02_access_fail
4374.392351884103,T011,U07,319529.0,2553224.7,228.3,handover,handover,False,True,False,True,True,False,True,direct_fail;R01_access_fail;R02_access_fail
4375.392351884103,T011,U07,319529.0,2553224.7,228.3,handover,handover,False,True,False,True,True,False,True,direct_fail;R01_access_fail;R02_access_fail
4376.392351884103,T011,U07,319529.0,2553224.7,228.3,handover,handover,False,True,False,True,True,False,True,direct_fail;R01_access_fail;R02_access_fail
4377.392351884103,T011,U07,319529.0,2553224.7,228.3,handover,handover,False,True,False,True,True,False,True,direct_fail;R01_access_fail;R02_access_fail
4378.392351884103,T011,U07,319529.0,2553224.7,228.3,handover,handover,False,True,False,True,True,False,True,direct_fail;R01_access_fail;R02_access_fail
4379.392351884103,T011,U07,319529.0,2553224.7,228.3,handover,handover,False,True,False,True,True,False,True,direct_fail;R01_access_fail;R02_access_fail
4380.392351884103,T011,U07,319529.0,2553224.7,228.3,handover,handover,False,True,False,True,True,False,True,direct_fail;R01_access_fail;R02_access_fail
4381.392351884103,T011,U07,319529.0,2553224.7,228.3,handover,handover,False,True,False,True,True,False,True,direct_fail;R01_access_fail;R02_access_fail
4382.392351884103,T011,U07,319529.0,2553224.7,228.3,handover,handover,False,True,False,True,True,False,True,direct_fail;R01_access_fail;R02_access_fail
4383.392351884103,T011,U07,319529.0,2553224.7,228.3,handover,handover,False,True,False,True,True,False,True,direct_fail;R01_access_fail;R02_access_fail
4384.392351884103,T011,U07,319529.0,2553224.7,228.3,handover,handover,False,True,False,True,True,False,True,direct_fail;R01_access_fail;R02_access_fail
4385.392351884103,T011,U07,319529.0,2553224.7,228.3,handover,handover,False,True,False,True,True,False,True,direct_fail;R01_access_fail;R02_access_fail
4386.392351884103,T011,U07,319529.0,2553224.7,228.3,handover,handover,False,True,False,True,True,False,True,direct_fail;R01_access_fail;R02_access_fail
4387.392351884103,T011,U07,319529.0,2553224.7,228.3,handover,handover,False,True,False,True,True,False,True,direct_fail;R01_access_fail;R02_access_fail
4388.392351884103,T011,U07,319529.0,2553224.7,228.3,handover,handover,False,True,False,True,True,False,True,direct_fail;R01_access_fail;R02_access_fail
4389.392351884103,T011,U07,319529.0,2553224.7,228.3,handover,handover,False,True,False,True,True,False,True,direct_fail;R01_access_fail;R02_access_fail
4390.392351884103,T011,U07,319529.0,2553224.7,228.3,handover,handover,False,True,False,True,True,False,True,direct_fail;R01_access_fail;R02_access_fail
4391.392351884103,T011,U07,319529.0,2553224.7,228.3,handover,handover,False,True,False,True,True,False,True,direct_fail;R01_access_fail;R02_access_fail
4392.392351884103,T011,U07,319529.0,2553224.7,228.3,handover,handover,False,True,False,True,True,False,True,direct_fail;R01_access_fail;R02_access_fail
4393.392351884103,T011,U07,319529.0,2553224.7,228.3,handover,handover,False,True,False,True,True,False,True,direct_fail;R01_access_fail;R02_access_fail
4394.392351884103,T011,U07,319529.0,2553224.7,228.3,handover,handover,False,True,False,True,True,False,True,direct_fail;R01_access_fail;R02_access_fail
4395.392351884103,T011,U07,319529.0,2553224.7,228.3,handover,handover,False,True,False,True,True,False,True,direct_fail;R01_access_fail;R02_access_fail
4396.392351884103,T011,U07,319529.0,2553224.7,228.3,handover,handover,False,True,False,True,True,False,True,direct_fail;R01_access_fail;R02_access_fail
4397.392351884103,T011,U07,319529.0,2553224.7,228.3,handover,handover,False,True,False,True,True,False,True,direct_fail;R01_access_fail;R02_access_fail
4398.392351884103,T011,U07,319529.0,2553224.7,228.3,handover,handover,False,True,False,True,True,False,True,direct_fail;R01_access_fail;R02_access_fail
4399.392351884103,T011,U07,319529.0,2553224.7,228.3,handover,handover,False,True,False,True,True,False,True,direct_fail;R01_access_fail;R02_access_fail
4400.392351884103,T011,U07,319529.0,2553224.7,228.3,handover,handover,False,True,False,True,True,False,True,direct_fail;R01_access_fail;R02_access_fail
4401.392351884103,T011,U07,319529.0,2553224.7,228.3,handover,handover,False,True,False,True,True,False,True,direct_fail;R01_access_fail;R02_access_fail
4402.392351884103,T011,U07,319529.0,2553224.7,228.3,handover,handover,False,True,False,True,True,False,True,direct_fail;R01_access_fail;R02_access_fail
4403.392351884103,T011,U07,319529.0,2553224.7,228.3,handover,handover,False,True,False,True,True,False,True,direct_fail;R01_access_fail;R02_access_fail
4404.392351884103,T011,U07,319529.0,2553224.7,228.3,handover,handover,False,True,False,True,True,False,True,direct_fail;R01_access_fail;R02_access_fail
4405.392351884103,T011,U07,319529.0,2553224.7,228.3,handover,handover,False,True,False,True,True,False,True,direct_fail;R01_access_fail;R02_access_fail
4406.392351884103,T011,U07,319529.0,2553224.7,228.3,handover,handover,False,True,False,True,True,False,True,direct_fail;R01_access_fail;R02_access_fail
4407.392351884103,T011,U07,319529.0,2553224.7,228.3,handover,handover,False,True,False,True,True,False,True,direct_fail;R01_access_fail;R02_access_fail
4408.392351884103,T011,U07,319529.0,2553224.7,228.3,handover,handover,False,True,False,True,True,False,True,direct_fail;R01_access_fail;R02_access_fail
4409.392351884103,T011,U07,319529.0,2553224.7,228.3,handover,handover,False,True,False,True,True,False,True,direct_fail;R01_access_fail;R02_access_fail
4410.392351884103,T011,U07,319529.0,2553224.7,228.3,handover,handover,False,True,False,True,True,False,True,direct_fail;R01_access_fail;R02_access_fail
4411.392351884103,T011,U07,319529.0,2553224.7,228.3,handover,handover,False,True,False,True,True,False,True,direct_fail;R01_access_fail;R02_access_fail
4412.392351884103,T011,U07,319529.0,2553224.7,228.3,handover,handover,False,True,False,True,True,False,True,direct_fail;R01_access_fail;R02_access_fail
4413.392351884103,T011,U07,319529.0,2553224.7,228.3,handover,handover,False,True,False,True,True,False,True,direct_fail;R01_access_fail;R02_access_fail
4414.392351884103,T011,U07,319529.0,2553224.7,228.3,handover,handover,False,True,False,True,True,False,True,direct_fail;R01_access_fail;R02_access_fail
4415.392351884103,T011,U07,319529.0,2553224.7,228.3,handover,handover,False,True,False,True,True,False,True,direct_fail;R01_access_fail;R02_access_fail
4416.392351884103,T011,U07,319529.0,2553224.7,228.3,handover,handover,False,True,False,True,True,False,True,direct_fail;R01_access_fail;R02_access_fail
4417.392351884103,T011,U07,319529.0,2553224.7,228.3,handover,handover,False,True,False,True,True,False,True,direct_fail;R01_access_fail;R02_access_fail
4418.392351884103,T011,U07,319529.0,2553224.7,228.3,handover,handover,False,True,False,True,True,False,True,direct_fail;R01_access_fail;R02_access_fail
4419.392351884103,T011,U07,319529.0,2553224.7,228.3,handover,handover,False,True,False,True,True,False,True,direct_fail;R01_access_fail;R02_access_fail
4420.392351884103,T011,U07,319529.0,2553224.7,228.3,handover,handover,False,True,False,True,True,False,True,direct_fail;R01_access_fail;R02_access_fail
4421.392351884103,T011,U07,319529.0,2553224.7,228.3,handover,handover,False,True,False,True,True,False,True,direct_fail;R01_access_fail;R02_access_fail
4422.392351884103,T011,U07,319529.0,2553224.7,228.3,handover,handover,False,True,False,True,True,False,True,direct_fail;R01_access_fail;R02_access_fail
4423.392351884103,T011,U07,319529.0,2553224.7,228.3,handover,handover,False,True,False,True,True,False,True,direct_fail;R01_access_fail;R02_access_fail
4424.392351884103,T011,U07,319529.0,2553224.7,228.3,handover,handover,False,True,False,True,True,False,True,direct_fail;R01_access_fail;R02_access_fail
4425.392351884103,T011,U07,319529.0,2553224.7,228.3,handover,handover,False,True,False,True,True,False,True,direct_fail;R01_access_fail;R02_access_fail
4426.392351884103,T011,U07,319529.0,2553224.7,228.3,handover,handover,False,True,False,True,True,False,True,direct_fail;R01_access_fail;R02_access_fail
4427.392351884103,T011,U07,319529.0,2553224.7,228.3,handover,handover,False,True,False,True,True,False,True,direct_fail;R01_access_fail;R02_access_fail
4428.392351884103,T011,U07,319529.0,2553224.7,228.3,handover,handover,False,True,False,True,True,False,True,direct_fail;R01_access_fail;R02_access_fail
4429.392351884103,T011,U07,319529.0,2553224.7,228.3,handover,handover,False,True,False,True,True,False,True,direct_fail;R01_access_fail;R02_access_fail
4430.392351884103,T011,U07,319529.0,2553224.7,228.3,handover,handover,False,True,False,True,True,False,True,direct_fail;R01_access_fail;R02_access_fail
4431.392351884103,T011,U07,319529.0,2553224.7,228.3,handover,handover,False,True,False,True,True,False,True,direct_fail;R01_access_fail;R02_access_fail
4432.392351884103,T011,U07,319529.0,2553224.7,228.3,handover,handover,False,True,False,True,True,False,True,direct_fail;R01_access_fail;R02_access_fail
4433.392351884103,T011,U07,319529.0,2553224.7,228.3,handover,handover,False,True,False,True,True,False,True,direct_fail;R01_access_fail;R02_access_fail
4434.392351884103,T011,U07,319529.0,2553224.7,228.3,handover,handover,False,True,False,True,True,False,True,direct_fail;R01_access_fail;R02_access_fail
4435.392351884103,T011,U07,319529.0,2553224.7,228.3,handover,handover,False,True,False,True,True,False,True,direct_fail;R01_access_fail;R02_access_fail
4436.392351884103,T011,U07,319529.0,2553224.7,228.3,handover,handover,False,True,False,True,True,False,True,direct_fail;R01_access_fail;R02_access_fail
4437.392351884103,T011,U07,319529.0,2553224.7,228.3,handover,handover,False,True,False,True,True,False,True,direct_fail;R01_access_fail;R02_access_fail
4438.392351884103,T011,U07,319529.0,2553224.7,228.3,handover,handover,False,True,False,True,True,False,True,direct_fail;R01_access_fail;R02_access_fail
4439.392351884103,T011,U07,319529.0,2553224.7,228.3,handover,handover,False,True,False,True,True,False,True,direct_fail;R01_access_fail;R02_access_fail
4440.392351884103,T011,U07,319529.0,2553224.7,228.3,handover,handover,False,True,False,True,True,False,True,direct_fail;R01_access_fail;R02_access_fail
4441.392351884103,T011,U07,319529.0,2553224.7,228.3,handover,handover,False,True,False,True,True,False,True,direct_fail;R01_access_fail;R02_access_fail
4442.392351884103,T011,U07,319529.0,2553224.7,228.3,handover,handover,False,True,False,True,True,False,True,direct_fail;R01_access_fail;R02_access_fail
4443.392351884103,T011,U07,319529.0,2553224.7,228.3,handover,handover,False,True,False,True,True,False,True,direct_fail;R01_access_fail;R02_access_fail
4444.392351884103,T011,U07,319529.0,2553224.7,228.3,handover,handover,False,True,False,True,True,False,True,direct_fail;R01_access_fail;R02_access_fail
4445.392351884103,T011,U07,319529.0,2553224.7,228.3,handover,handover,False,True,False,True,True,False,True,direct_fail;R01_access_fail;R02_access_fail
4446.392351884103,T011,U07,319529.0,2553224.7,228.3,handover,handover,False,True,False,True,True,False,True,direct_fail;R01_access_fail;R02_access_fail
4447.392351884103,T011,U07,319529.0,2553224.7,228.3,handover,handover,False,True,False,True,True,False,True,direct_fail;R01_access_fail;R02_access_fail
4448.392351884103,T011,U07,319529.0,2553224.7,228.3,handover,handover,False,True,False,True,True,False,True,direct_fail;R01_access_fail;R02_access_fail
4449.392351884103,T011,U07,319529.0,2553224.7,228.3,handover,handover,False,True,False,True,True,False,True,direct_fail;R01_access_fail;R02_access_fail
4450.392351884103,T011,U07,319529.0,2553224.7,228.3,handover,handover,False,True,False,True,True,False,True,direct_fail;R01_access_fail;R02_access_fail
4451.392351884103,T011,U07,319529.0,2553224.7,228.3,handover,handover,False,True,False,True,True,False,True,direct_fail;R01_access_fail;R02_access_fail
4452.392351884103,T011,U07,319529.0,2553224.7,228.3,handover,handover,False,True,False,True,True,False,True,direct_fail;R01_access_fail;R02_access_fail
4453.392351884103,T011,U07,319529.0,2553224.7,228.3,handover,handover,False,True,False,True,True,False,True,direct_fail;R01_access_fail;R02_access_fail
4454.392351884103,T011,U07,319529.0,2553224.7,228.3,handover,handover,False,True,False,True,True,False,True,direct_fail;R01_access_fail;R02_access_fail
4455.392351884103,T011,U07,319529.0,2553224.7,228.3,handover,handover,False,True,False,True,True,False,True,direct_fail;R01_access_fail;R02_access_fail
4456.392351884103,T011,U07,319529.0,2553224.7,228.3,handover,handover,False,True,False,True,True,False,True,direct_fail;R01_access_fail;R02_access_fail
4457.392351884103,T011,U07,319529.0,2553224.7,228.3,handover,handover,False,True,False,True,True,False,True,direct_fail;R01_access_fail;R02_access_fail
4458.392351884103,T011,U07,319529.0,2553224.7,228.3,handover,handover,False,True,False,True,True,False,True,direct_fail;R01_access_fail;R02_access_fail
4459.392351884103,T011,U07,319529.0,2553224.7,228.3,handover,handover,False,True,False,True,True,False,True,direct_fail;R01_access_fail;R02_access_fail
4460.392351884103,T011,U07,319529.0,2553224.7,228.3,handover,handover,False,True,False,True,True,False,True,direct_fail;R01_access_fail;R02_access_fail
4461.392351884103,T011,U07,319529.0,2553224.7,228.3,handover,handover,False,True,False,True,True,False,True,direct_fail;R01_access_fail;R02_access_fail
4462.392351884103,T011,U07,319529.0,2553224.7,228.3,handover,handover,False,True,False,True,True,False,True,direct_fail;R01_access_fail;R02_access_fail
4463.392351884103,T011,U07,319529.0,2553224.7,228.3,handover,handover,False,True,False,True,True,False,True,direct_fail;R01_access_fail;R02_access_fail
4464.392351884103,T011,U07,319529.0,2553224.7,228.3,handover,handover,False,True,False,True,True,False,True,direct_fail;R01_access_fail;R02_access_fail
4465.392351884103,T011,U07,319529.0,2553224.7,228.3,handover,handover,False,True,False,True,True,False,True,direct_fail;R01_access_fail;R02_access_fail
4466.392351884103,T011,U07,319529.0,2553224.7,228.3,handover,handover,False,True,False,True,True,False,True,direct_fail;R01_access_fail;R02_access_fail
4467.392351884103,T011,U07,319529.0,2553224.7,228.3,handover,handover,False,True,False,True,True,False,True,direct_fail;R01_access_fail;R02_access_fail
4468.392351884103,T011,U07,319529.0,2553224.7,228.3,handover,handover,False,True,False,True,True,False,True,direct_fail;R01_access_fail;R02_access_fail
4469.392351884103,T011,U07,319529.0,2553224.7,228.3,handover,handover,False,True,False,True,True,False,True,direct_fail;R01_access_fail;R02_access_fail
4470.392351884103,T011,U07,319529.0,2553224.7,228.3,handover,handover,False,True,False,True,True,False,True,direct_fail;R01_access_fail;R02_access_fail
4471.392351884103,T011,U07,319529.0,2553224.7,228.3,handover,handover,False,True,False,True,True,False,True,direct_fail;R01_access_fail;R02_access_fail
4472.392351884103,T011,U07,319529.0,2553224.7,228.3,handover,handover,False,True,False,True,True,False,True,direct_fail;R01_access_fail;R02_access_fail
4473.392351884103,T011,U07,319529.0,2553224.7,228.3,handover,handover,False,True,False,True,True,False,True,direct_fail;R01_access_fail;R02_access_fail
4474.392351884103,T011,U07,319529.0,2553224.7,228.3,handover,handover,False,True,False,True,True,False,True,direct_fail;R01_access_fail;R02_access_fail
4475.392351884103,T011,U07,319529.0,2553224.7,228.3,handover,handover,False,True,False,True,True,False,True,direct_fail;R01_access_fail;R02_access_fail
4476.392351884103,T011,U07,319529.0,2553224.7,228.3,handover,handover,False,True,False,True,True,False,True,direct_fail;R01_access_fail;R02_access_fail
4477.392351884103,T011,U07,319529.0,2553224.7,228.3,handover,handover,False,True,False,True,True,False,True,direct_fail;R01_access_fail;R02_access_fail
4478.392351884103,T011,U07,319529.0,2553224.7,228.3,handover,handover,False,True,False,True,True,False,True,direct_fail;R01_access_fail;R02_access_fail
4479.392351884103,T011,U07,319529.0,2553224.7,228.3,handover,handover,False,True,False,True,True,False,True,direct_fail;R01_access_fail;R02_access_fail
4480.392351884103,T011,U07,319529.0,2553224.7,228.3,handover,handover,False,True,False,True,True,False,True,direct_fail;R01_access_fail;R02_access_fail
4481.392351884103,T011,U07,319529.0,2553224.7,228.3,handover,handover,False,True,False,True,True,False,True,direct_fail;R01_access_fail;R02_access_fail
4482.392351884103,T011,U07,319529.0,2553224.7,228.3,handover,handover,False,True,False,True,True,False,True,direct_fail;R01_access_fail;R02_access_fail
4483.392351884103,T011,U07,319529.0,2553224.7,228.3,handover,handover,False,True,False,True,True,False,True,direct_fail;R01_access_fail;R02_access_fail
4484.392351884103,T011,U07,319529.0,2553224.7,228.3,handover,handover,False,True,False,True,True,False,True,direct_fail;R01_access_fail;R02_access_fail
4485.392351884103,T011,U07,319529.0,2553224.7,228.3,handover,handover,False,True,False,True,True,False,True,direct_fail;R01_access_fail;R02_access_fail
4486.392351884103,T011,U07,319529.0,2553224.7,228.3,handover,handover,False,True,False,True,True,False,True,direct_fail;R01_access_fail;R02_access_fail
4487.392351884103,T011,U07,319529.0,2553224.7,228.3,handover,handover,False,True,False,True,True,False,True,direct_fail;R01_access_fail;R02_access_fail
4488.392351884103,T011,U07,319529.0,2553224.7,228.3,handover,handover,False,True,False,True,True,False,True,direct_fail;R01_access_fail;R02_access_fail
4489.392351884103,T011,U07,319529.0,2553224.7,228.3,handover,handover,False,True,False,True,True,False,True,direct_fail;R01_access_fail;R02_access_fail
4490.392351884103,T011,U07,319529.0,2553224.7,228.3,handover,handover,False,True,False,True,True,False,True,direct_fail;R01_access_fail;R02_access_fail
4491.392351884103,T011,U07,319529.0,2553224.7,228.3,handover,handover,False,True,False,True,True,False,True,direct_fail;R01_access_fail;R02_access_fail
4492.392351884103,T011,U07,319529.0,2553224.7,228.3,handover,handover,False,True,False,True,True,False,True,direct_fail;R01_access_fail;R02_access_fail
4493.392351884103,T011,U07,319529.0,2553224.7,228.3,handover,handover,False,True,False,True,True,False,True,direct_fail;R01_access_fail;R02_access_fail
4494.392351884103,T011,U07,319529.0,2553224.7,228.3,handover,handover,False,True,False,True,True,False,True,direct_fail;R01_access_fail;R02_access_fail
4495.392351884103,T011,U07,319529.0,2553224.7,228.3,handover,handover,False,True,False,True,True,False,True,direct_fail;R01_access_fail;R02_access_fail
4496.392351884103,T011,U07,319529.0,2553224.7,228.3,handover,handover,False,True,False,True,True,False,True,direct_fail;R01_access_fail;R02_access_fail
4497.392351884103,T011,U07,319529.0,2553224.7,228.3,handover,handover,False,True,False,True,True,False,True,direct_fail;R01_access_fail;R02_access_fail
4498.392351884103,T011,U07,319529.0,2553224.7,228.3,handover,handover,False,True,False,True,True,False,True,direct_fail;R01_access_fail;R02_access_fail
4499.392351884103,T011,U07,319529.0,2553224.7,228.3,handover,handover,False,True,False,True,True,False,True,direct_fail;R01_access_fail;R02_access_fail
4500.392351884103,T011,U07,319529.0,2553224.7,228.3,handover,handover,False,True,False,True,True,False,True,direct_fail;R01_access_fail;R02_access_fail
4501.392351884103,T011,U07,319529.0,2553224.7,228.3,handover,handover,False,True,False,True,True,False,True,direct_fail;R01_access_fail;R02_access_fail
4502.392351884103,T011,U07,319529.0,2553224.7,228.3,handover,handover,False,True,False,True,True,False,True,direct_fail;R01_access_fail;R02_access_fail
4503.392351884103,T011,U07,319529.0,2553224.7,228.3,handover,handover,False,True,False,True,True,False,True,direct_fail;R01_access_fail;R02_access_fail
4504.392351884103,T011,U07,319529.0,2553224.7,228.3,handover,handover,False,True,False,True,True,False,True,direct_fail;R01_access_fail;R02_access_fail
4505.392351884103,T011,U07,319529.0,2553224.7,228.3,handover,handover,False,True,False,True,True,False,True,direct_fail;R01_access_fail;R02_access_fail
4506.392351884103,T011,U07,319529.0,2553224.7,228.3,handover,handover,False,True,False,True,True,False,True,direct_fail;R01_access_fail;R02_access_fail
4507.392351884103,T011,U07,319529.0,2553224.7,228.3,handover,handover,False,True,False,True,True,False,True,direct_fail;R01_access_fail;R02_access_fail
4508.392351884103,T011,U07,319529.0,2553224.7,228.3,handover,handover,False,True,False,True,True,False,True,direct_fail;R01_access_fail;R02_access_fail
4509.392351884103,T011,U07,319529.0,2553224.7,228.3,handover,handover,False,True,False,True,True,False,True,direct_fail;R01_access_fail;R02_access_fail
4510.392351884103,T011,U07,319529.0,2553224.7,228.3,handover,handover,False,True,False,True,True,False,True,direct_fail;R01_access_fail;R02_access_fail
4511.392351884103,T011,U07,319529.0,2553224.7,228.3,handover,handover,False,True,False,True,True,False,True,direct_fail;R01_access_fail;R02_access_fail
4512.392351884103,T011,U07,319529.0,2553224.7,228.3,handover,handover,False,True,False,True,True,False,True,direct_fail;R01_access_fail;R02_access_fail
4513.392351884103,T011,U07,319529.0,2553224.7,228.3,handover,handover,False,True,False,True,True,False,True,direct_fail;R01_access_fail;R02_access_fail
4514.392351884103,T011,U07,319529.0,2553224.7,228.3,handover,handover,False,True,False,True,True,False,True,direct_fail;R01_access_fail;R02_access_fail
4515.392351884103,T011,U07,319529.0,2553224.7,228.3,handover,handover,False,True,False,True,True,False,True,direct_fail;R01_access_fail;R02_access_fail
4516.392351884103,T011,U07,319529.0,2553224.7,228.3,handover,handover,False,True,False,True,True,False,True,direct_fail;R01_access_fail;R02_access_fail
4517.392351884103,T011,U07,319529.0,2553224.7,228.3,handover,handover,False,True,False,True,True,False,True,direct_fail;R01_access_fail;R02_access_fail
4518.392351884103,T011,U07,319529.0,2553224.7,228.3,handover,handover,False,True,False,True,True,False,True,direct_fail;R01_access_fail;R02_access_fail
4519.392351884103,T011,U07,319529.0,2553224.7,228.3,handover,handover,False,True,False,True,True,False,True,direct_fail;R01_access_fail;R02_access_fail
4520.392351884103,T011,U07,319529.0,2553224.7,228.3,handover,handover,False,True,False,True,True,False,True,direct_fail;R01_access_fail;R02_access_fail
4521.392351884103,T011,U07,319529.0,2553224.7,228.3,handover,handover,False,True,False,True,True,False,True,direct_fail;R01_access_fail;R02_access_fail
4522.392351884103,T011,U07,319529.0,2553224.7,228.3,handover,handover,False,True,False,True,True,False,True,direct_fail;R01_access_fail;R02_access_fail
4523.392351884103,T011,U07,319529.0,2553224.7,228.3,handover,handover,False,True,False,True,True,False,True,direct_fail;R01_access_fail;R02_access_fail
4524.392351884103,T011,U07,319529.0,2553224.7,228.3,handover,handover,False,True,False,True,True,False,True,direct_fail;R01_access_fail;R02_access_fail
4525.392351884103,T011,U07,319529.0,2553224.7,228.3,handover,handover,False,True,False,True,True,False,True,direct_fail;R01_access_fail;R02_access_fail
4526.392351884103,T011,U07,319529.0,2553224.7,228.3,handover,handover,False,True,False,True,True,False,True,direct_fail;R01_access_fail;R02_access_fail
4527.392351884103,T011,U07,319529.0,2553224.7,228.3,handover,handover,False,True,False,True,True,False,True,direct_fail;R01_access_fail;R02_access_fail
4528.392351884103,T011,U07,319529.0,2553224.7,228.3,handover,handover,False,True,False,True,True,False,True,direct_fail;R01_access_fail;R02_access_fail
4529.392351884103,T011,U07,319529.0,2553224.7,228.3,handover,handover,False,True,False,True,True,False,True,direct_fail;R01_access_fail;R02_access_fail
4530.392351884103,T011,U07,319529.0,2553224.7,228.3,handover,handover,False,True,False,True,True,False,True,direct_fail;R01_access_fail;R02_access_fail
4531.392351884103,T011,U07,319529.0,2553224.7,228.3,handover,handover,False,True,False,True,True,False,True,direct_fail;R01_access_fail;R02_access_fail
4532.392351884103,T011,U07,319529.0,2553224.7,228.3,handover,handover,False,True,False,True,True,False,True,direct_fail;R01_access_fail;R02_access_fail
4533.392351884103,T011,U07,319529.0,2553224.7,228.3,handover,handover,False,True,False,True,True,False,True,direct_fail;R01_access_fail;R02_access_fail
4534.392351884103,T011,U07,319529.0,2553224.7,228.3,handover,handover,False,True,False,True,True,False,True,direct_fail;R01_access_fail;R02_access_fail
4535.392351884103,T011,U07,319529.0,2553224.7,228.3,handover,handover,False,True,False,True,True,False,True,direct_fail;R01_access_fail;R02_access_fail
4536.392351884103,T011,U07,319529.0,2553224.7,228.3,handover,handover,False,True,False,True,True,False,True,direct_fail;R01_access_fail;R02_access_fail
4537.392351884103,T011,U07,319529.0,2553224.7,228.3,handover,handover,False,True,False,True,True,False,True,direct_fail;R01_access_fail;R02_access_fail
4538.392351884103,T011,U07,319529.0,2553224.7,228.3,handover,handover,False,True,False,True,True,False,True,direct_fail;R01_access_fail;R02_access_fail
4539.392351884103,T011,U07,319529.0,2553224.7,228.3,handover,handover,False,True,False,True,True,False,True,direct_fail;R01_access_fail;R02_access_fail
4540.392351884103,T011,U07,319529.0,2553224.7,228.3,handover,handover,False,True,False,True,True,False,True,direct_fail;R01_access_fail;R02_access_fail
4541.392351884103,T011,U07,319529.0,2553224.7,228.3,handover,handover,False,True,False,True,True,False,True,direct_fail;R01_access_fail;R02_access_fail
4542.392351884103,T011,U07,319529.0,2553224.7,228.3,handover,handover,False,True,False,True,True,False,True,direct_fail;R01_access_fail;R02_access_fail
4543.392351884103,T011,U07,319529.0,2553224.7,228.3,handover,handover,False,True,False,True,True,False,True,direct_fail;R01_access_fail;R02_access_fail
4544.392351884103,T011,U07,319529.0,2553224.7,228.3,handover,handover,False,True,False,True,True,False,True,direct_fail;R01_access_fail;R02_access_fail
4545.392351884103,T011,U07,319529.0,2553224.7,228.3,handover,handover,False,True,False,True,True,False,True,direct_fail;R01_access_fail;R02_access_fail
4546.392351884103,T011,U07,319529.0,2553224.7,228.3,handover,handover,False,True,False,True,True,False,True,direct_fail;R01_access_fail;R02_access_fail
4547.392351884103,T011,U07,319529.0,2553224.7,228.3,handover,handover,False,True,False,True,True,False,True,direct_fail;R01_access_fail;R02_access_fail
4548.392351884103,T011,U07,319529.0,2553224.7,228.3,handover,handover,False,True,False,True,True,False,True,direct_fail;R01_access_fail;R02_access_fail
4549.392351884103,T011,U07,319529.0,2553224.7,228.3,handover,handover,False,True,False,True,True,False,True,direct_fail;R01_access_fail;R02_access_fail
4550.392351884103,T011,U07,319529.0,2553224.7,228.3,handover,handover,False,True,False,True,True,False,True,direct_fail;R01_access_fail;R02_access_fail
4551.392351884103,T011,U07,319529.0,2553224.7,228.3,handover,handover,False,True,False,True,True,False,True,direct_fail;R01_access_fail;R02_access_fail
4552.392351884103,T011,U07,319529.0,2553224.7,228.3,handover,handover,False,True,False,True,True,False,True,direct_fail;R01_access_fail;R02_access_fail
4553.392351884103,T011,U07,319529.0,2553224.7,228.3,handover,handover,False,True,False,True,True,False,True,direct_fail;R01_access_fail;R02_access_fail
4554.392351884103,T011,U07,319529.0,2553224.7,228.3,handover,handover,False,True,False,True,True,False,True,direct_fail;R01_access_fail;R02_access_fail
4555.392351884103,T011,U07,319529.0,2553224.7,228.3,handover,handover,False,True,False,True,True,False,True,direct_fail;R01_access_fail;R02_access_fail
4556.392351884103,T011,U07,319529.0,2553224.7,228.3,handover,handover,False,True,False,True,True,False,True,direct_fail;R01_access_fail;R02_access_fail
4557.392351884103,T011,U07,319529.0,2553224.7,228.3,handover,handover,False,True,False,True,True,False,True,direct_fail;R01_access_fail;R02_access_fail
4558.392351884103,T011,U07,319529.0,2553224.7,228.3,handover,handover,False,True,False,True,True,False,True,direct_fail;R01_access_fail;R02_access_fail
4559.392351884103,T011,U07,319529.0,2553224.7,228.3,handover,handover,False,True,False,True,True,False,True,direct_fail;R01_access_fail;R02_access_fail
4560.392351884103,T011,U07,319529.0,2553224.7,228.3,handover,handover,False,True,False,True,True,False,True,direct_fail;R01_access_fail;R02_access_fail
4561.392351884103,T011,U07,319529.0,2553224.7,228.3,handover,handover,False,True,False,True,True,False,True,direct_fail;R01_access_fail;R02_access_fail
4562.392351884103,T011,U07,319529.0,2553224.7,228.3,handover,handover,False,True,False,True,True,False,True,direct_fail;R01_access_fail;R02_access_fail
4563.392351884103,T011,U07,319529.0,2553224.7,228.3,handover,handover,False,True,False,True,True,False,True,direct_fail;R01_access_fail;R02_access_fail
4564.392351884103,T011,U07,319529.0,2553224.7,228.3,handover,handover,False,True,False,True,True,False,True,direct_fail;R01_access_fail;R02_access_fail
4565.392351884103,T011,U07,319529.0,2553224.7,228.3,handover,handover,False,True,False,True,True,False,True,direct_fail;R01_access_fail;R02_access_fail
4566.392351884103,T011,U07,319529.0,2553224.7,228.3,handover,handover,False,True,False,True,True,False,True,direct_fail;R01_access_fail;R02_access_fail
4567.392351884103,T011,U07,319529.0,2553224.7,228.3,handover,handover,False,True,False,True,True,False,True,direct_fail;R01_access_fail;R02_access_fail
4568.392351884103,T011,U07,319529.0,2553224.7,228.3,handover,handover,False,True,False,True,True,False,True,direct_fail;R01_access_fail;R02_access_fail
4569.392351884103,T011,U07,319529.0,2553224.7,228.3,handover,handover,False,True,False,True,True,False,True,direct_fail;R01_access_fail;R02_access_fail
4570.392351884103,T011,U07,319529.0,2553224.7,228.3,handover,handover,False,True,False,True,True,False,True,direct_fail;R01_access_fail;R02_access_fail
4571.392351884103,T011,U07,319529.0,2553224.7,228.3,handover,handover,False,True,False,True,True,False,True,direct_fail;R01_access_fail;R02_access_fail
4572.392351884103,T011,U07,319529.0,2553224.7,228.3,handover,handover,False,True,False,True,True,False,True,direct_fail;R01_access_fail;R02_access_fail
4573.392351884103,T011,U07,319529.0,2553224.7,228.3,handover,handover,False,True,False,True,True,False,True,direct_fail;R01_access_fail;R02_access_fail
4574.392351884103,T011,U07,319529.0,2553224.7,228.3,handover,handover,False,True,False,True,True,False,True,direct_fail;R01_access_fail;R02_access_fail
4575.392351884103,T011,U07,319529.0,2553224.7,228.3,handover,handover,False,True,False,True,True,False,True,direct_fail;R01_access_fail;R02_access_fail
4576.392351884103,T011,U07,319529.0,2553224.7,228.3,handover,handover,False,True,False,True,True,False,True,direct_fail;R01_access_fail;R02_access_fail
4577.392351884103,T011,U07,319529.0,2553224.7,229.5,return,ascent,False,True,False,True,True,False,True,direct_fail;R01_access_fail;R02_access_fail
4578.392351884103,T011,U07,319529.0,2553224.7,232.0,return,ascent,False,True,False,True,True,False,True,direct_fail;R01_access_fail;R02_access_fail
4579.392351884103,T011,U07,319529.0,2553224.7,234.5,return,ascent,False,True,False,True,True,False,True,direct_fail;R01_access_fail;R02_access_fail
4580.392351884103,T011,U07,319529.0,2553224.7,237.0,return,ascent,False,True,False,True,True,False,True,direct_fail;R01_access_fail;R02_access_fail
4581.392351884103,T011,U07,319529.0,2553224.7,239.5,return,ascent,False,True,False,True,True,False,True,direct_fail;R01_access_fail;R02_access_fail
